{
  "leftEye": {
    "ellipseMinorAxis": 0.24494899809360505,
    "ellipseMajorAxis": 0.3099985122680664,
    "screenForward": {
      "x": -0.5695573091506958,
      "y": -0.5980662703514099,
      "z": -0.5638456344604492
    },
    "screenPosition": {
      "x": 0.3583718538284302,
      "y": 0.21181616187095643,
      "z": -0.32321369647979739
    },
    "eyePosition": {
      "x": 0.34607452154159548,
      "y": 0.1901862621307373,
      "z": -0.27953219413757326
    },
    "eyeRotation": {
      "x": 0.09160555154085159,
      "y": -0.28766483068466189,
      "z": 0.01672828197479248,
      "w": 0.9531934261322022
    },
    "cameraProjection": {
      "x": -0.699999988079071,
      "y": 0.699999988079071,
      "z": 0.30000001192092898,
      "w": -1.399999976158142
    },
    "sphereToWorldSpace": {
      "e00": 0.05101080238819122,
      "e01": 0.06071346998214722,
      "e02": 0.29330453276634219,
      "e03": -0.11479098349809647,
      "e10": 0.0,
      "e11": 0.23695310950279237,
      "e12": -0.07855913043022156,
      "e13": 0.02622470073401928,
      "e20": -0.23957861959934236,
      "e21": 0.012927045114338398,
      "e22": 0.062450066208839419,
      "e23": -0.05262647196650505,
      "e30": 0.0,
      "e31": 0.0,
      "e32": 0.0,
      "e33": 1.0
    },
    "worldToScreenSpace": {
      "e00": -11.104677200317383,
      "e01": 10.303966522216797,
      "e02": 0.2878384590148926,
      "e03": 1.8900903463363648,
      "e10": 6.264110565185547,
      "e11": 7.139180660247803,
      "e12": -13.900038719177246,
      "e13": -8.249757766723633,
      "e20": -0.5695574283599854,
      "e21": -0.5980663299560547,
      "e22": -0.5638455748558044,
      "e23": 0.1485508382320404,
      "e30": 0.0,
      "e31": 0.0,
      "e32": 0.0,
      "e33": 1.0
    }
  },
  "rightEye": {
    "ellipseMinorAxis": 0.24494899809360505,
    "ellipseMajorAxis": 0.3099985122680664,
    "screenForward": {
      "x": -0.2607453763484955,
      "y": -0.3162277638912201,
      "z": -0.9121472835540772
    },
    "screenPosition": {
      "x": 0.265796035528183,
      "y": 0.13452230393886567,
      "z": -0.22456210851669312
    },
    "eyePosition": {
      "x": 0.3073800802230835,
      "y": 0.15927214920520783,
      "z": -0.2389974594116211
    },
    "eyeRotation": {
      "x": 0.09160555154085159,
      "y": -0.28766483068466189,
      "z": 0.01672828197479248,
      "w": 0.9531934261322022
    },
    "cameraProjection": {
      "x": -0.699999988079071,
      "y": 0.699999988079071,
      "z": 0.30000001192092898,
      "w": -1.399999976158142
    },
    "sphereToWorldSpace": {
      "e00": 0.05101081356406212,
      "e01": -0.060713451355695727,
      "e02": -0.29330453276634219,
      "e03": 0.11474951356649399,
      "e10": 0.0,
      "e11": 0.23695312440395356,
      "e12": -0.07855910062789917,
      "e13": 0.023245181888341905,
      "e20": 0.23957861959934236,
      "e21": 0.0129270413890481,
      "e22": 0.062450066208839419,
      "e23": -0.052328456193208697,
      "e30": 0.0,
      "e31": 0.0,
      "e32": 0.0,
      "e33": 1.0
    },
    "worldToScreenSpace": {
      "e00": -8.81995677947998,
      "e01": 12.200724601745606,
      "e02": -1.708547830581665,
      "e03": 0.3193647861480713,
      "e10": 12.965719223022461,
      "e11": 8.444000244140625,
      "e12": -6.6337738037109379,
      "e13": -6.071836948394775,
      "e20": -0.2607453167438507,
      "e21": -0.3162277936935425,
      "e22": -0.9121472835540772,
      "e23": -0.092988982796669,
      "e30": 0.0,
      "e31": 0.0,
      "e32": 0.0,
      "e33": 1.0
    }
  },
  "leapTracker": {
    "name": "Leap Provider",
    "serial": "",
    "localPose": {
      "position": {
        "x": 0.0,
        "y": 0.039777886122465137,
        "z": 0.0804821103811264
      },
      "rotation": {
        "x": 0.27482354640960696,
        "y": 0.0,
        "z": 0.0,
        "w": 0.9614946842193604
      }
    }
  }
}