{
  "leftEye": {
    "ellipseMinorAxis": 0.24494899809360505,
    "ellipseMajorAxis": 0.3099985122680664,
    "screenForward": {
      "x": 0.04344235360622406,
      "y": -0.3818376064300537,
      "z": -0.9232081770896912
    },
    "screenPosition": {
      "x": 0.3257579505443573,
      "y": -0.04227873682975769,
      "z": 0.4432205259799957
    },
    "eyePosition": {
      "x": 0.27673548460006716,
      "y": -0.05131164938211441,
      "z": 0.4497291147708893
    },
    "eyeRotation": {
      "x": -0.03438510745763779,
      "y": 0.7596598267555237,
      "z": -0.04994824901223183,
      "w": -0.6474872827529907
    },
    "cameraProjection": {
      "x": -0.699999988079071,
      "y": 0.699999988079071,
      "z": 0.30000001192092898,
      "w": -1.399999976158142
    },
    "sphereToWorldSpace": {
      "e00": 0.05101080238819122,
      "e01": 0.06071346998214722,
      "e02": 0.29330453276634219,
      "e03": -0.11479098349809647,
      "e10": 0.0,
      "e11": 0.23695310950279237,
      "e12": -0.07855913043022156,
      "e13": 0.02622470073401928,
      "e20": -0.23957861959934236,
      "e21": 0.012927045114338398,
      "e22": 0.062450066208839419,
      "e23": -0.05262647196650505,
      "e30": 0.0,
      "e31": 0.0,
      "e32": 0.0,
      "e33": 1.0
    },
    "worldToScreenSpace": {
      "e00": -1.824208378791809,
      "e01": 13.868858337402344,
      "e02": -5.821983814239502,
      "e03": 3.76103138923645,
      "e10": 16.696552276611329,
      "e11": 2.152270555496216,
      "e12": -0.10450577735900879,
      "e13": -5.30172061920166,
      "e20": 0.04344251751899719,
      "e21": -0.3818375766277313,
      "e22": -0.9232079982757568,
      "e23": 0.37888938188552859,
      "e30": 0.0,
      "e31": 0.0,
      "e32": 0.0,
      "e33": 1.0
    }
  },
  "rightEye": {
    "ellipseMinorAxis": 0.24494899809360505,
    "ellipseMajorAxis": 0.3099985122680664,
    "screenForward": {
      "x": 0.5596899390220642,
      "y": -0.2963542938232422,
      "z": -0.7739002108573914
    },
    "screenPosition": {
      "x": 0.17812032997608186,
      "y": -0.06212481111288071,
      "z": 0.3975476324558258
    },
    "eyePosition": {
      "x": 0.21605345606803895,
      "y": -0.058435097336769107,
      "z": 0.4306779205799103
    },
    "eyeRotation": {
      "x": -0.03438510745763779,
      "y": 0.7596598267555237,
      "z": -0.04994824901223183,
      "w": -0.6474872827529907
    },
    "cameraProjection": {
      "x": -0.699999988079071,
      "y": 0.699999988079071,
      "z": 0.30000001192092898,
      "w": -1.399999976158142
    },
    "sphereToWorldSpace": {
      "e00": 0.05101081356406212,
      "e01": -0.060713451355695727,
      "e02": -0.29330453276634219,
      "e03": 0.11474951356649399,
      "e10": 0.0,
      "e11": 0.23695312440395356,
      "e12": -0.07855910062789917,
      "e13": 0.023245181888341905,
      "e20": 0.23957861959934236,
      "e21": 0.0129270413890481,
      "e22": 0.062450066208839419,
      "e23": -0.052328456193208697,
      "e30": 0.0,
      "e31": 0.0,
      "e32": 0.0,
      "e33": 1.0
    },
    "worldToScreenSpace": {
      "e00": 1.445389986038208,
      "e01": 14.404580116271973,
      "e02": -4.470717430114746,
      "e03": 2.4147520065307619,
      "e10": 13.85847282409668,
      "e11": 1.5373625755310059,
      "e12": 9.433831214904786,
      "e13": -6.123364448547363,
      "e20": 0.559689998626709,
      "e21": -0.2963542342185974,
      "e22": -0.773900032043457,
      "e23": 0.18955902755260468,
      "e30": 0.0,
      "e31": 0.0,
      "e32": 0.0,
      "e33": 1.0
    }
  },
  "leapTracker": {
    "name": "Leap Provider",
    "serial": "",
    "localPose": {
      "position": {
        "x": 0.0,
        "y": 0.039777886122465137,
        "z": 0.0804821103811264
      },
      "rotation": {
        "x": 0.27482354640960696,
        "y": 0.0,
        "z": 0.0,
        "w": 0.9614946842193604
      }
    }
  }
}