{
  "leftEye": {
    "ellipseMinorAxis": 0.24494899809360505,
    "ellipseMajorAxis": 0.3099985122680664,
    "screenForward": {
      "x": -0.9561426043510437,
      "y": 0.04051613807678223,
      "z": -0.29008597135543826
    },
    "screenPosition": {
      "x": 0.4790225327014923,
      "y": 0.6219223737716675,
      "z": -0.00661911815404892
    },
    "eyePosition": {
      "x": 0.47347667813301089,
      "y": 0.653357744216919,
      "z": 0.03221680223941803
    },
    "eyeRotation": {
      "x": 0.24923168122768403,
      "y": 0.5319430232048035,
      "z": -0.12802286446094514,
      "w": 0.799081027507782
    },
    "cameraProjection": {
      "x": -0.699999988079071,
      "y": 0.699999988079071,
      "z": 0.30000001192092898,
      "w": -1.399999976158142
    },
    "sphereToWorldSpace": {
      "e00": 0.05101080238819122,
      "e01": 0.06071346998214722,
      "e02": 0.29330453276634219,
      "e03": -0.11479098349809647,
      "e10": 0.0,
      "e11": 0.23695310950279237,
      "e12": -0.07855913043022156,
      "e13": 0.02622470073401928,
      "e20": -0.23957861959934236,
      "e21": 0.012927045114338398,
      "e22": 0.062450066208839419,
      "e23": -0.05262647196650505,
      "e30": 0.0,
      "e31": 0.0,
      "e32": 0.0,
      "e33": 1.0
    },
    "worldToScreenSpace": {
      "e00": 3.516676902770996,
      "e01": 10.74119758605957,
      "e02": -10.090991020202637,
      "e03": -8.431551933288575,
      "e10": 3.007802963256836,
      "e11": -11.853962898254395,
      "e12": -11.569559097290039,
      "e13": 5.8548583984375,
      "e20": -0.9561426639556885,
      "e21": 0.040516197681427,
      "e22": -0.2900857627391815,
      "e23": 0.43089574575424197,
      "e30": 0.0,
      "e31": 0.0,
      "e32": 0.0,
      "e33": 1.0
    }
  },
  "rightEye": {
    "ellipseMinorAxis": 0.24494899809360505,
    "ellipseMajorAxis": 0.3099985122680664,
    "screenForward": {
      "x": -0.7308985590934753,
      "y": -0.3623020052909851,
      "z": -0.5783811807632446
    },
    "screenPosition": {
      "x": 0.4150126576423645,
      "y": 0.7405295968055725,
      "z": 0.0715591236948967
    },
    "eyePosition": {
      "x": 0.44756707549095156,
      "y": 0.702754557132721,
      "z": 0.06359594315290451
    },
    "eyeRotation": {
      "x": 0.24923168122768403,
      "y": 0.5319430232048035,
      "z": -0.12802286446094514,
      "w": 0.799081027507782
    },
    "cameraProjection": {
      "x": -0.699999988079071,
      "y": 0.699999988079071,
      "z": 0.30000001192092898,
      "w": -1.399999976158142
    },
    "sphereToWorldSpace": {
      "e00": 0.05101081356406212,
      "e01": -0.060713451355695727,
      "e02": -0.29330453276634219,
      "e03": 0.11474951356649399,
      "e10": 0.0,
      "e11": 0.23695312440395356,
      "e12": -0.07855910062789917,
      "e13": 0.023245181888341905,
      "e20": 0.23957861959934236,
      "e21": 0.0129270413890481,
      "e22": 0.062450066208839419,
      "e23": -0.052328456193208697,
      "e30": 0.0,
      "e31": 0.0,
      "e32": 0.0,
      "e33": 1.0
    },
    "worldToScreenSpace": {
      "e00": 5.261266708374023,
      "e01": 8.063006401062012,
      "e02": -11.699373245239258,
      "e03": -7.317190170288086,
      "e10": 9.891335487365723,
      "e11": -12.882309913635254,
      "e12": -4.430084228515625,
      "e13": 5.751714706420898,
      "e20": -0.7308986783027649,
      "e21": -0.3623020648956299,
      "e22": -0.5783811807632446,
      "e23": 0.6130160093307495,
      "e30": 0.0,
      "e31": 0.0,
      "e32": 0.0,
      "e33": 1.0
    }
  },
  "leapTracker": {
    "name": "Leap Provider",
    "serial": "",
    "localPose": {
      "position": {
        "x": 0.0,
        "y": 0.039777886122465137,
        "z": 0.0804821103811264
      },
      "rotation": {
        "x": 0.27482354640960696,
        "y": 0.0,
        "z": 0.0,
        "w": 0.9614946842193604
      }
    }
  }
}