{
  "leftEye": {
    "ellipseMinorAxis": 0.24494899809360505,
    "ellipseMajorAxis": 0.3099985122680664,
    "screenForward": {
      "x": -0.2662966251373291,
      "y": -0.40899398922920229,
      "z": 0.87281733751297
    },
    "screenPosition": {
      "x": -0.16774694621562959,
      "y": 0.005287171341478825,
      "z": -0.09290646761655808
    },
    "eyePosition": {
      "x": -0.1182744950056076,
      "y": 0.0028789332136511804,
      "z": -0.08431357145309448
    },
    "eyeRotation": {
      "x": -0.09308648109436035,
      "y": 0.296627938747406,
      "z": -0.03161851316690445,
      "w": -0.949919581413269
    },
    "cameraProjection": {
      "x": -0.699999988079071,
      "y": 0.699999988079071,
      "z": 0.30000001192092898,
      "w": -1.399999976158142
    },
    "sphereToWorldSpace": {
      "e00": 0.05101080238819122,
      "e01": 0.06071346998214722,
      "e02": 0.29330453276634219,
      "e03": -0.11479098349809647,
      "e10": 0.0,
      "e11": 0.23695310950279237,
      "e12": -0.07855913043022156,
      "e13": 0.02622470073401928,
      "e20": -0.23957861959934236,
      "e21": 0.012927045114338398,
      "e22": 0.062450066208839419,
      "e23": -0.05262647196650505,
      "e30": 0.0,
      "e31": 0.0,
      "e32": 0.0,
      "e33": 1.0
    },
    "worldToScreenSpace": {
      "e00": -1.8450649976730347,
      "e01": 13.826274871826172,
      "e02": 5.915931701660156,
      "e03": 0.1670224368572235,
      "e10": -16.097108840942384,
      "e11": -0.038902267813682559,
      "e12": -4.929458141326904,
      "e13": -3.1580135822296144,
      "e20": -0.2662966549396515,
      "e21": -0.4089939296245575,
      "e22": 0.87281733751297,
      "e23": 0.03858235105872154,
      "e30": 0.0,
      "e31": 0.0,
      "e32": 0.0,
      "e33": 1.0
    }
  },
  "rightEye": {
    "ellipseMinorAxis": 0.24494899809360505,
    "ellipseMajorAxis": 0.3099985122680664,
    "screenForward": {
      "x": -0.7209656834602356,
      "y": -0.3873155117034912,
      "z": 0.5746262669563294
    },
    "screenPosition": {
      "x": -0.03921491280198097,
      "y": 0.0035673491656780245,
      "z": -0.004853509366512299
    },
    "eyePosition": {
      "x": -0.06566493958234787,
      "y": 0.0031890766695141794,
      "z": -0.04786992818117142
    },
    "eyeRotation": {
      "x": -0.09308648109436035,
      "y": 0.296627938747406,
      "z": -0.03161851316690445,
      "w": -0.949919581413269
    },
    "cameraProjection": {
      "x": -0.699999988079071,
      "y": 0.699999988079071,
      "z": 0.30000001192092898,
      "w": -1.399999976158142
    },
    "sphereToWorldSpace": {
      "e00": 0.05101081356406212,
      "e01": -0.060713451355695727,
      "e02": -0.29330453276634219,
      "e03": 0.11474951356649399,
      "e10": 0.0,
      "e11": 0.23695312440395356,
      "e12": -0.07855910062789917,
      "e13": 0.023245181888341905,
      "e20": 0.23957861959934236,
      "e21": 0.0129270413890481,
      "e22": 0.062450066208839419,
      "e23": -0.052328456193208697,
      "e30": 0.0,
      "e31": 0.0,
      "e32": 0.0,
      "e33": 1.0
    },
    "worldToScreenSpace": {
      "e00": -4.602797985076904,
      "e01": 13.968881607055664,
      "e02": 3.6404612064361574,
      "e03": -0.21266114711761475,
      "e10": -10.48543930053711,
      "e11": -0.022490553557872773,
      "e12": -13.170912742614746,
      "e13": -0.4750305414199829,
      "e20": -0.7209656238555908,
      "e21": -0.38731545209884646,
      "e22": 0.5746262669563294,
      "e23": -0.02410195954144001,
      "e30": 0.0,
      "e31": 0.0,
      "e32": 0.0,
      "e33": 1.0
    }
  },
  "leapTracker": {
    "name": "Leap Provider",
    "serial": "",
    "localPose": {
      "position": {
        "x": 0.0,
        "y": 0.039777886122465137,
        "z": 0.0804821103811264
      },
      "rotation": {
        "x": 0.27482354640960696,
        "y": 0.0,
        "z": 0.0,
        "w": 0.9614946842193604
      }
    }
  }
}