{
  "leftEye": {
    "ellipseMinorAxis": 0.24494899809360505,
    "ellipseMajorAxis": 0.3099985122680664,
    "screenForward": {
      "x": -0.9230320453643799,
      "y": -0.35515767335891726,
      "z": 0.14790265262126923
    },
    "screenPosition": {
      "x": 0.3789016604423523,
      "y": -0.029788684099912645,
      "z": -0.0018276050686836243
    },
    "eyePosition": {
      "x": 0.39301666617393496,
      "y": -0.03322736918926239,
      "z": 0.046298302710056308
    },
    "eyeRotation": {
      "x": -0.04120214283466339,
      "y": 0.754412055015564,
      "z": -0.055054765194654468,
      "w": -0.6527892351150513
    },
    "cameraProjection": {
      "x": -0.699999988079071,
      "y": 0.699999988079071,
      "z": 0.30000001192092898,
      "w": -1.399999976158142
    },
    "sphereToWorldSpace": {
      "e00": 0.05101080238819122,
      "e01": 0.06071346998214722,
      "e02": 0.29330453276634219,
      "e03": -0.11479098349809647,
      "e10": 0.0,
      "e11": 0.23695310950279237,
      "e12": -0.07855913043022156,
      "e13": 0.02622470073401928,
      "e20": -0.23957861959934236,
      "e21": 0.012927045114338398,
      "e22": 0.062450066208839419,
      "e23": -0.05262647196650505,
      "e30": 0.0,
      "e31": 0.0,
      "e32": 0.0,
      "e33": 1.0
    },
    "worldToScreenSpace": {
      "e00": -5.284457683563232,
      "e01": 14.162729263305664,
      "e02": 1.029578685760498,
      "e03": 2.426060438156128,
      "e10": -2.733745574951172,
      "e11": 0.18749724328517915,
      "e12": -16.61052131652832,
      "e13": 1.011048674583435,
      "e20": -0.9230318665504456,
      "e21": -0.35515761375427248,
      "e22": 0.14790284633636475,
      "e23": 0.33942896127700808,
      "e30": 0.0,
      "e31": 0.0,
      "e32": 0.0,
      "e33": 1.0
    }
  },
  "rightEye": {
    "ellipseMinorAxis": 0.24494899809360505,
    "ellipseMajorAxis": 0.3099985122680664,
    "screenForward": {
      "x": -0.8567392230033875,
      "y": -0.33534660935401919,
      "z": -0.3918418884277344
    },
    "screenPosition": {
      "x": 0.35706496238708498,
      "y": -0.0307941772043705,
      "z": 0.1524413526058197
    },
    "eyePosition": {
      "x": 0.3837790787220001,
      "y": -0.03260582685470581,
      "z": 0.10962508618831635
    },
    "eyeRotation": {
      "x": -0.04120214283466339,
      "y": 0.754412055015564,
      "z": -0.055054765194654468,
      "w": -0.6527892351150513
    },
    "cameraProjection": {
      "x": -0.699999988079071,
      "y": 0.699999988079071,
      "z": 0.30000001192092898,
      "w": -1.399999976158142
    },
    "sphereToWorldSpace": {
      "e00": 0.05101081356406212,
      "e01": -0.060713451355695727,
      "e02": -0.29330453276634219,
      "e03": 0.11474951356649399,
      "e10": 0.0,
      "e11": 0.23695312440395356,
      "e12": -0.07855910062789917,
      "e13": 0.023245181888341905,
      "e20": 0.23957861959934236,
      "e21": 0.0129270413890481,
      "e22": 0.062450066208839419,
      "e23": -0.052328456193208697,
      "e30": 0.0,
      "e31": 0.0,
      "e32": 0.0,
      "e33": 1.0
    },
    "worldToScreenSpace": {
      "e00": -4.464232444763184,
      "e01": 14.269842147827149,
      "e02": -2.4516501426696779,
      "e03": 2.407181739807129,
      "e10": 7.126310348510742,
      "e11": -0.3901680111885071,
      "e12": -15.247339248657227,
      "e13": -0.23224568367004395,
      "e20": -0.8567394018173218,
      "e21": -0.33534660935401919,
      "e22": -0.3918420672416687,
      "e23": 0.3553178310394287,
      "e30": 0.0,
      "e31": 0.0,
      "e32": 0.0,
      "e33": 1.0
    }
  },
  "leapTracker": {
    "name": "Leap Provider",
    "serial": "",
    "localPose": {
      "position": {
        "x": 0.0,
        "y": 0.039777886122465137,
        "z": 0.0804821103811264
      },
      "rotation": {
        "x": 0.27482354640960696,
        "y": 0.0,
        "z": 0.0,
        "w": 0.9614946842193604
      }
    }
  }
}