{
  "leftEye": {
    "ellipseMinorAxis": 0.24494899809360505,
    "ellipseMajorAxis": 0.3099985122680664,
    "screenForward": {
      "x": -0.3727738857269287,
      "y": -0.4182921350002289,
      "z": -0.8282941579818726
    },
    "screenPosition": {
      "x": -0.17426857352256776,
      "y": -0.7632233500480652,
      "z": 0.03203928843140602
    },
    "eyePosition": {
      "x": -0.21895959973335267,
      "y": -0.7535080909729004,
      "z": 0.052907537668943408
    },
    "eyeRotation": {
      "x": 0.04324774816632271,
      "y": -0.24518205225467683,
      "z": -0.004660501144826412,
      "w": 0.9685007333755493
    },
    "cameraProjection": {
      "x": -0.699999988079071,
      "y": 0.699999988079071,
      "z": 0.30000001192092898,
      "w": -1.399999976158142
    },
    "sphereToWorldSpace": {
      "e00": 0.05101080238819122,
      "e01": 0.06071346998214722,
      "e02": 0.29330453276634219,
      "e03": -0.11479098349809647,
      "e10": 0.0,
      "e11": 0.23695310950279237,
      "e12": -0.07855913043022156,
      "e13": 0.02622470073401928,
      "e20": -0.23957861959934236,
      "e21": 0.012927045114338398,
      "e22": 0.062450066208839419,
      "e23": -0.05262647196650505,
      "e30": 0.0,
      "e31": 0.0,
      "e32": 0.0,
      "e33": 1.0
    },
    "worldToScreenSpace": {
      "e00": 1.1615731716156006,
      "e01": 13.26816177368164,
      "e02": -7.223245620727539,
      "e03": 10.560423851013184,
      "e10": 15.568193435668946,
      "e11": -4.06084680557251,
      "e12": -4.955720901489258,
      "e13": -0.2275087833404541,
      "e20": -0.37277403473854067,
      "e21": -0.418292373418808,
      "e22": -0.8282945156097412,
      "e23": -0.35767537355422976,
      "e30": 0.0,
      "e31": 0.0,
      "e32": 0.0,
      "e33": 1.0
    }
  },
  "rightEye": {
    "ellipseMinorAxis": 0.24494899809360505,
    "ellipseMajorAxis": 0.3099985122680664,
    "screenForward": {
      "x": 0.16197466850280763,
      "y": -0.5184247493743897,
      "z": -0.8396430015563965
    },
    "screenPosition": {
      "x": -0.3265944719314575,
      "y": -0.7304589152336121,
      "z": 0.031734999269247058
    },
    "eyePosition": {
      "x": -0.2813127934932709,
      "y": -0.7390936613082886,
      "z": 0.05235476419329643
    },
    "eyeRotation": {
      "x": 0.04324774816632271,
      "y": -0.24518205225467683,
      "z": -0.004660501144826412,
      "w": 0.9685007333755493
    },
    "cameraProjection": {
      "x": -0.699999988079071,
      "y": 0.699999988079071,
      "z": 0.30000001192092898,
      "w": -1.399999976158142
    },
    "sphereToWorldSpace": {
      "e00": 0.05101081356406212,
      "e01": -0.060713451355695727,
      "e02": -0.29330453276634219,
      "e03": 0.11474951356649399,
      "e10": 0.0,
      "e11": 0.23695312440395356,
      "e12": -0.07855910062789917,
      "e13": 0.023245181888341905,
      "e20": 0.23957861959934236,
      "e21": 0.0129270413890481,
      "e22": 0.062450066208839419,
      "e23": -0.052328456193208697,
      "e30": 0.0,
      "e31": 0.0,
      "e32": 0.0,
      "e33": 1.0
    },
    "worldToScreenSpace": {
      "e00": 4.671807765960693,
      "e01": 12.64946174621582,
      "e02": -6.9089837074279789,
      "e03": 10.984954833984375,
      "e10": 15.780909538269043,
      "e11": -3.1150803565979006,
      "e12": 4.9676384925842289,
      "e13": 2.7208714485168459,
      "e20": 0.16197487711906434,
      "e21": -0.5184249877929688,
      "e22": -0.8396432995796204,
      "e23": -0.2991419732570648,
      "e30": 0.0,
      "e31": 0.0,
      "e32": 0.0,
      "e33": 1.0
    }
  },
  "leapTracker": {
    "name": "Leap Provider",
    "serial": "",
    "localPose": {
      "position": {
        "x": 0.0,
        "y": 0.039777886122465137,
        "z": 0.0804821103811264
      },
      "rotation": {
        "x": 0.27482354640960696,
        "y": 0.0,
        "z": 0.0,
        "w": 0.9614946842193604
      }
    }
  }
}