{
  "leftEye": {
    "ellipseMinorAxis": 0.24494899809360505,
    "ellipseMajorAxis": 0.3099985122680664,
    "screenForward": {
      "x": 0.34866586327552798,
      "y": -0.5205437541007996,
      "z": 0.7794012427330017
    },
    "screenPosition": {
      "x": -0.21214336156845094,
      "y": -0.02626621164381504,
      "z": -0.10662305355072022
    },
    "eyePosition": {
      "x": -0.16736319661140443,
      "y": -0.020269425585865976,
      "z": -0.12866701185703278
    },
    "eyeRotation": {
      "x": 0.18412339687347413,
      "y": 0.01873897947371006,
      "z": 0.05193774029612541,
      "w": 0.9813510179519653
    },
    "cameraProjection": {
      "x": -0.699999988079071,
      "y": 0.699999988079071,
      "z": 0.30000001192092898,
      "w": -1.399999976158142
    },
    "sphereToWorldSpace": {
      "e00": 0.05101080238819122,
      "e01": 0.06071346998214722,
      "e02": 0.29330453276634219,
      "e03": -0.11479098349809647,
      "e10": 0.0,
      "e11": 0.23695310950279237,
      "e12": -0.07855913043022156,
      "e13": 0.02622470073401928,
      "e20": -0.23957861959934236,
      "e21": 0.012927045114338398,
      "e22": 0.062450066208839419,
      "e23": -0.05262647196650505,
      "e30": 0.0,
      "e31": 0.0,
      "e32": 0.0,
      "e33": 1.0
    },
    "worldToScreenSpace": {
      "e00": 0.6827355623245239,
      "e01": 12.726275444030762,
      "e02": 8.1941556930542,
      "e03": 1.352794885635376,
      "e10": -15.76032829284668,
      "e11": -2.583220958709717,
      "e12": 5.3251261711120609,
      "e13": -2.8435192108154299,
      "e20": 0.34866592288017275,
      "e21": -0.5205437541007996,
      "e22": 0.7794013023376465,
      "e23": 0.14339657127857209,
      "e30": 0.0,
      "e31": 0.0,
      "e32": 0.0,
      "e33": 1.0
    }
  },
  "rightEye": {
    "ellipseMinorAxis": 0.24494899809360505,
    "ellipseMajorAxis": 0.3099985122680664,
    "screenForward": {
      "x": -0.1934962123632431,
      "y": -0.5582443475723267,
      "z": 0.8067976236343384
    },
    "screenPosition": {
      "x": -0.05707655847072601,
      "y": -0.011595305055379868,
      "z": -0.11060015857219696
    },
    "eyePosition": {
      "x": -0.10375341773033142,
      "y": -0.013303736224770546,
      "z": -0.1297968029975891
    },
    "eyeRotation": {
      "x": 0.18412339687347413,
      "y": 0.01873897947371006,
      "z": 0.05193774029612541,
      "w": 0.9813510179519653
    },
    "cameraProjection": {
      "x": -0.699999988079071,
      "y": 0.699999988079071,
      "z": 0.30000001192092898,
      "w": -1.399999976158142
    },
    "sphereToWorldSpace": {
      "e00": 0.05101081356406212,
      "e01": -0.060713451355695727,
      "e02": -0.29330453276634219,
      "e03": 0.11474951356649399,
      "e10": 0.0,
      "e11": 0.23695312440395356,
      "e12": -0.07855910062789917,
      "e13": 0.023245181888341905,
      "e20": 0.23957861959934236,
      "e21": 0.0129270413890481,
      "e22": 0.062450066208839419,
      "e23": -0.052328456193208697,
      "e30": 0.0,
      "e31": 0.0,
      "e32": 0.0,
      "e33": 1.0
    },
    "worldToScreenSpace": {
      "e00": -2.8850278854370119,
      "e01": 12.546525955200196,
      "e02": 7.989345073699951,
      "e03": 0.8644362688064575,
      "e10": -16.20279884338379,
      "e11": -0.8685837984085083,
      "e12": -4.4869537353515629,
      "e13": -1.4311292171478272,
      "e20": -0.19349625706672669,
      "e21": -0.5582444071769714,
      "e22": 0.8067975640296936,
      "e23": 0.07171482592821121,
      "e30": 0.0,
      "e31": 0.0,
      "e32": 0.0,
      "e33": 1.0
    }
  },
  "leapTracker": {
    "name": "Leap Provider",
    "serial": "",
    "localPose": {
      "position": {
        "x": 0.0,
        "y": 0.039777886122465137,
        "z": 0.0804821103811264
      },
      "rotation": {
        "x": 0.27482354640960696,
        "y": 0.0,
        "z": 0.0,
        "w": 0.9614946842193604
      }
    }
  }
}