{
  "leftEye": {
    "ellipseMinorAxis": 0.24494899809360505,
    "ellipseMajorAxis": 0.3099985122680664,
    "screenForward": {
      "x": -0.06914480030536652,
      "y": -0.5020971894264221,
      "z": 0.8620425462722778
    },
    "screenPosition": {
      "x": -0.13272234797477723,
      "y": 0.03939066082239151,
      "z": -0.10078147053718567
    },
    "eyePosition": {
      "x": -0.08246980607509613,
      "y": 0.040521346032619479,
      "z": -0.10153195261955261
    },
    "eyeRotation": {
      "x": 0.045822158455848697,
      "y": 0.09253236651420593,
      "z": 0.03887365758419037,
      "w": 0.9938948154449463
    },
    "cameraProjection": {
      "x": -0.699999988079071,
      "y": 0.699999988079071,
      "z": 0.30000001192092898,
      "w": -1.399999976158142
    },
    "sphereToWorldSpace": {
      "e00": 0.05101080238819122,
      "e01": 0.06071346998214722,
      "e02": 0.29330453276634219,
      "e03": -0.11479098349809647,
      "e10": 0.0,
      "e11": 0.23695310950279237,
      "e12": -0.07855913043022156,
      "e13": 0.02622470073401928,
      "e20": -0.23957861959934236,
      "e21": 0.012927045114338398,
      "e22": 0.062450066208839419,
      "e23": -0.05262647196650505,
      "e30": 0.0,
      "e31": 0.0,
      "e32": 0.0,
      "e33": 1.0
    },
    "worldToScreenSpace": {
      "e00": -1.6498198509216309,
      "e01": 13.071914672851563,
      "e02": 7.481412410736084,
      "e03": 0.020108461380004884,
      "e10": -16.69438934326172,
      "e11": -1.0054599046707154,
      "e12": -1.9246954917907715,
      "e13": -2.370086193084717,
      "e20": -0.06914478540420532,
      "e21": -0.5020972490310669,
      "e22": 0.8620424866676331,
      "e23": 0.09747879207134247,
      "e30": 0.0,
      "e31": 0.0,
      "e32": 0.0,
      "e33": 1.0
    }
  },
  "rightEye": {
    "ellipseMinorAxis": 0.24494899809360505,
    "ellipseMajorAxis": 0.3099985122680664,
    "screenForward": {
      "x": -0.5720551013946533,
      "y": -0.49454906582832339,
      "z": 0.6543502807617188
    },
    "screenPosition": {
      "x": 0.009848184883594513,
      "y": 0.04131840541958809,
      "z": -0.037958793342113498
    },
    "eyePosition": {
      "x": -0.0241084061563015,
      "y": 0.04228338226675987,
      "z": -0.07532425969839096
    },
    "eyeRotation": {
      "x": 0.045822158455848697,
      "y": 0.09253236651420593,
      "z": 0.03887365758419037,
      "w": 0.9938948154449463
    },
    "cameraProjection": {
      "x": -0.699999988079071,
      "y": 0.699999988079071,
      "z": 0.30000001192092898,
      "w": -1.399999976158142
    },
    "sphereToWorldSpace": {
      "e00": 0.05101081356406212,
      "e01": -0.060713451355695727,
      "e02": -0.29330453276634219,
      "e03": 0.11474951356649399,
      "e10": 0.0,
      "e11": 0.23695312440395356,
      "e12": -0.07855910062789917,
      "e13": 0.023245181888341905,
      "e20": 0.23957861959934236,
      "e21": 0.0129270413890481,
      "e22": 0.062450066208839419,
      "e23": -0.052328456193208697,
      "e30": 0.0,
      "e31": 0.0,
      "e32": 0.0,
      "e33": 1.0
    },
    "worldToScreenSpace": {
      "e00": -4.788446426391602,
      "e01": 13.167901039123536,
      "e02": 5.765899658203125,
      "e03": -0.27805259823799136,
      "e10": -12.742158889770508,
      "e11": 0.1834326982498169,
      "e12": -11.000986099243164,
      "e13": -0.29967617988586428,
      "e20": -0.5720552206039429,
      "e21": -0.49454912543296816,
      "e22": 0.6543503403663635,
      "e23": 0.05090603232383728,
      "e30": 0.0,
      "e31": 0.0,
      "e32": 0.0,
      "e33": 1.0
    }
  },
  "leapTracker": {
    "name": "Leap Provider",
    "serial": "",
    "localPose": {
      "position": {
        "x": 0.0,
        "y": 0.039777886122465137,
        "z": 0.0804821103811264
      },
      "rotation": {
        "x": 0.27482354640960696,
        "y": 0.0,
        "z": 0.0,
        "w": 0.9614946842193604
      }
    }
  }
}