{
  "leftEye": {
    "ellipseMinorAxis": 0.24494899809360505,
    "ellipseMajorAxis": 0.3099985122680664,
    "screenForward": {
      "x": -0.23127481341362,
      "y": -0.42195799946784975,
      "z": 0.8766204714775086
    },
    "screenPosition": {
      "x": -0.1853785514831543,
      "y": -0.011222118511795998,
      "z": -0.0751013457775116
    },
    "eyePosition": {
      "x": -0.13565823435783387,
      "y": -0.012040317058563233,
      "z": -0.06772705912590027
    },
    "eyeRotation": {
      "x": -0.100925512611866,
      "y": 0.2835347652435303,
      "z": -0.045308660715818408,
      "w": -0.9525592923164368
    },
    "cameraProjection": {
      "x": -0.699999988079071,
      "y": 0.699999988079071,
      "z": 0.30000001192092898,
      "w": -1.399999976158142
    },
    "sphereToWorldSpace": {
      "e00": 0.05101080238819122,
      "e01": 0.06071346998214722,
      "e02": 0.29330453276634219,
      "e03": -0.11479098349809647,
      "e10": 0.0,
      "e11": 0.23695310950279237,
      "e12": -0.07855913043022156,
      "e13": 0.02622470073401928,
      "e20": -0.23957861959934236,
      "e21": 0.012927045114338398,
      "e22": 0.062450066208839419,
      "e23": -0.05262647196650505,
      "e30": 0.0,
      "e31": 0.0,
      "e32": 0.0,
      "e33": 1.0
    },
    "worldToScreenSpace": {
      "e00": -2.153024673461914,
      "e01": 13.727836608886719,
      "e02": 6.039819240570068,
      "e03": 0.20852936804294587,
      "e10": -16.202951431274415,
      "e11": -0.5450310111045837,
      "e12": -4.537099361419678,
      "e13": -3.3505382537841799,
      "e20": -0.23127472400665284,
      "e21": -0.4219580292701721,
      "e22": 0.8766204714775086,
      "e23": 0.018226739019155504,
      "e30": 0.0,
      "e31": 0.0,
      "e32": 0.0,
      "e33": 1.0
    }
  },
  "rightEye": {
    "ellipseMinorAxis": 0.24494899809360505,
    "ellipseMajorAxis": 0.3099985122680664,
    "screenForward": {
      "x": -0.6935718059539795,
      "y": -0.413785457611084,
      "z": 0.589694619178772
    },
    "screenPosition": {
      "x": -0.05474305897951126,
      "y": -0.009145323187112809,
      "z": 0.009791620075702668
    },
    "eyePosition": {
      "x": -0.08221117407083512,
      "y": -0.01017877459526062,
      "z": -0.03257102891802788
    },
    "eyeRotation": {
      "x": -0.100925512611866,
      "y": 0.2835347652435303,
      "z": -0.045308660715818408,
      "w": -0.9525592923164368
    },
    "cameraProjection": {
      "x": -0.699999988079071,
      "y": 0.699999988079071,
      "z": 0.30000001192092898,
      "w": -1.399999976158142
    },
    "sphereToWorldSpace": {
      "e00": 0.05101081356406212,
      "e01": -0.060713451355695727,
      "e02": -0.29330453276634219,
      "e03": 0.11474951356649399,
      "e10": 0.0,
      "e11": 0.23695312440395356,
      "e12": -0.07855910062789917,
      "e13": 0.023245181888341905,
      "e20": 0.23957861959934236,
      "e21": 0.0129270413890481,
      "e22": 0.062450066208839419,
      "e23": -0.052328456193208697,
      "e30": 0.0,
      "e31": 0.0,
      "e32": 0.0,
      "e33": 1.0
    },
    "worldToScreenSpace": {
      "e00": -4.968813896179199,
      "e01": 13.790874481201172,
      "e02": 3.8328871726989748,
      "e03": -0.1834162175655365,
      "e10": -10.798222541809082,
      "e11": -0.3018900454044342,
      "e12": -12.91220760345459,
      "e13": -0.46745729446411135,
      "e20": -0.6935717463493347,
      "e21": -0.413785457611084,
      "e22": 0.589694619178772,
      "e23": -0.04752650111913681,
      "e30": 0.0,
      "e31": 0.0,
      "e32": 0.0,
      "e33": 1.0
    }
  },
  "leapTracker": {
    "name": "Leap Provider",
    "serial": "",
    "localPose": {
      "position": {
        "x": 0.0,
        "y": 0.039777886122465137,
        "z": 0.0804821103811264
      },
      "rotation": {
        "x": 0.27482354640960696,
        "y": 0.0,
        "z": 0.0,
        "w": 0.9614946842193604
      }
    }
  }
}