{
  "leftEye": {
    "ellipseMinorAxis": 0.24494899809360505,
    "ellipseMajorAxis": 0.3099985122680664,
    "screenForward": {
      "x": -0.6672124862670898,
      "y": -0.596686065196991,
      "z": 0.44586241245269778
    },
    "screenPosition": {
      "x": 0.05318784713745117,
      "y": 0.174883633852005,
      "z": -0.45134037733078005
    },
    "eyePosition": {
      "x": 0.07832831144332886,
      "y": 0.18606796860694886,
      "z": -0.40926864743232729
    },
    "eyeRotation": {
      "x": -0.06802010536193848,
      "y": 0.34670522809028628,
      "z": -0.11661256104707718,
      "w": -0.9282081127166748
    },
    "cameraProjection": {
      "x": -0.699999988079071,
      "y": 0.699999988079071,
      "z": 0.30000001192092898,
      "w": -1.399999976158142
    },
    "sphereToWorldSpace": {
      "e00": 0.05101080238819122,
      "e01": 0.06071346998214722,
      "e02": 0.29330453276634219,
      "e03": -0.11479098349809647,
      "e10": 0.0,
      "e11": 0.23695310950279237,
      "e12": -0.07855913043022156,
      "e13": 0.02622470073401928,
      "e20": -0.23957861959934236,
      "e21": 0.012927045114338398,
      "e22": 0.062450066208839419,
      "e23": -0.05262647196650505,
      "e30": 0.0,
      "e31": 0.0,
      "e32": 0.0,
      "e33": 1.0
    },
    "worldToScreenSpace": {
      "e00": -9.713616371154786,
      "e01": 11.587520599365235,
      "e02": 0.971299409866333,
      "e03": -1.071434736251831,
      "e10": -6.384446144104004,
      "e11": -4.09208345413208,
      "e12": -15.03035831451416,
      "e13": -5.728593826293945,
      "e20": -0.6672124862670898,
      "e21": -0.596686065196991,
      "e22": 0.445862352848053,
      "e23": 0.3410739004611969,
      "e30": 0.0,
      "e31": 0.0,
      "e32": 0.0,
      "e33": 1.0
    }
  },
  "rightEye": {
    "ellipseMinorAxis": 0.24494899809360505,
    "ellipseMajorAxis": 0.3099985122680664,
    "screenForward": {
      "x": -0.7399256229400635,
      "y": -0.6667962670326233,
      "z": -0.08884257078170777
    },
    "screenPosition": {
      "x": 0.06966057419776917,
      "y": 0.19829100370407105,
      "z": -0.2981818914413452
    },
    "eyePosition": {
      "x": 0.08446460217237473,
      "y": 0.1965438276529312,
      "z": -0.3464307188987732
    },
    "eyeRotation": {
      "x": -0.06802010536193848,
      "y": 0.34670522809028628,
      "z": -0.11661256104707718,
      "w": -0.9282081127166748
    },
    "cameraProjection": {
      "x": -0.699999988079071,
      "y": 0.699999988079071,
      "z": 0.30000001192092898,
      "w": -1.399999976158142
    },
    "sphereToWorldSpace": {
      "e00": 0.05101081356406212,
      "e01": -0.060713451355695727,
      "e02": -0.29330453276634219,
      "e03": 0.11474951356649399,
      "e10": 0.0,
      "e11": 0.23695312440395356,
      "e12": -0.07855910062789917,
      "e13": 0.023245181888341905,
      "e20": 0.23957861959934236,
      "e21": 0.0129270413890481,
      "e22": 0.062450066208839419,
      "e23": -0.052328456193208697,
      "e30": 0.0,
      "e31": 0.0,
      "e32": 0.0,
      "e33": 1.0
    },
    "worldToScreenSpace": {
      "e00": -9.821231842041016,
      "e01": 11.243254661560059,
      "e02": -2.5886313915252687,
      "e03": -2.317166805267334,
      "e10": 3.0277438163757326,
      "e11": -1.1587238311767579,
      "e12": -16.51993179321289,
      "e13": -4.907094478607178,
      "e20": -0.7399255037307739,
      "e21": -0.6667962670326233,
      "e22": -0.08884268999099732,
      "e23": 0.157272070646286,
      "e30": 0.0,
      "e31": 0.0,
      "e32": 0.0,
      "e33": 1.0
    }
  },
  "leapTracker": {
    "name": "Leap Provider",
    "serial": "",
    "localPose": {
      "position": {
        "x": 0.0,
        "y": 0.039777886122465137,
        "z": 0.0804821103811264
      },
      "rotation": {
        "x": 0.27482354640960696,
        "y": 0.0,
        "z": 0.0,
        "w": 0.9614946842193604
      }
    }
  }
}