{
  "leftEye": {
    "ellipseMinorAxis": 0.24494899809360505,
    "ellipseMajorAxis": 0.3099985122680664,
    "screenForward": {
      "x": -0.6125906705856323,
      "y": -0.7308638691902161,
      "z": 0.3009500205516815
    },
    "screenPosition": {
      "x": 0.07054285705089569,
      "y": 0.36424535512924197,
      "z": -0.5117841362953186
    },
    "eyePosition": {
      "x": 0.09324818104505539,
      "y": 0.3699491620063782,
      "z": -0.46729716658592226
    },
    "eyeRotation": {
      "x": -0.09117535501718521,
      "y": 0.01801488548517227,
      "z": -0.0510471872985363,
      "w": -0.994362473487854
    },
    "cameraProjection": {
      "x": -0.699999988079071,
      "y": 0.699999988079071,
      "z": 0.30000001192092898,
      "w": -1.399999976158142
    },
    "sphereToWorldSpace": {
      "e00": 0.05101080238819122,
      "e01": 0.06071346998214722,
      "e02": 0.29330453276634219,
      "e03": -0.11479098349809647,
      "e10": 0.0,
      "e11": 0.23695310950279237,
      "e12": -0.07855913043022156,
      "e13": 0.02622470073401928,
      "e20": -0.23957861959934236,
      "e21": 0.012927045114338398,
      "e22": 0.062450066208839419,
      "e23": -0.05262647196650505,
      "e30": 0.0,
      "e31": 0.0,
      "e32": 0.0,
      "e33": 1.0
    },
    "worldToScreenSpace": {
      "e00": -10.896865844726563,
      "e01": 10.202366828918457,
      "e02": 2.5958619117736818,
      "e03": -1.618947982788086,
      "e10": -5.519585609436035,
      "e11": -1.8769044876098633,
      "e12": -15.7933349609375,
      "e13": -7.009757041931152,
      "e20": -0.6125906109809876,
      "e21": -0.7308638095855713,
      "e22": 0.3009500503540039,
      "e23": 0.46344906091690066,
      "e30": 0.0,
      "e31": 0.0,
      "e32": 0.0,
      "e33": 1.0
    }
  },
  "rightEye": {
    "ellipseMinorAxis": 0.24494899809360505,
    "ellipseMajorAxis": 0.3099985122680664,
    "screenForward": {
      "x": -0.6633502244949341,
      "y": -0.708648145198822,
      "z": -0.24038346111774445
    },
    "screenPosition": {
      "x": 0.08040443062782288,
      "y": 0.36070704460144045,
      "z": -0.35632675886154177
    },
    "eyePosition": {
      "x": 0.096584253013134,
      "y": 0.3692895770072937,
      "z": -0.40338754653930666
    },
    "eyeRotation": {
      "x": -0.09117535501718521,
      "y": 0.01801488548517227,
      "z": -0.0510471872985363,
      "w": -0.994362473487854
    },
    "cameraProjection": {
      "x": -0.699999988079071,
      "y": 0.699999988079071,
      "z": 0.30000001192092898,
      "w": -1.399999976158142
    },
    "sphereToWorldSpace": {
      "e00": 0.05101081356406212,
      "e01": -0.060713451355695727,
      "e02": -0.29330453276634219,
      "e03": 0.11474951356649399,
      "e10": 0.0,
      "e11": 0.23695312440395356,
      "e12": -0.07855910062789917,
      "e13": 0.023245181888341905,
      "e20": 0.23957861959934236,
      "e21": 0.0129270413890481,
      "e22": 0.062450066208839419,
      "e23": -0.052328456193208697,
      "e30": 0.0,
      "e31": 0.0,
      "e32": 0.0,
      "e33": 1.0
    },
    "worldToScreenSpace": {
      "e00": -10.873367309570313,
      "e01": 10.507091522216797,
      "e02": -0.9692165851593018,
      "e03": -3.261073112487793,
      "e10": 3.5695176124572756,
      "e11": 2.189828634262085,
      "e12": -16.305866241455079,
      "e13": -6.887108325958252,
      "e20": -0.6633502840995789,
      "e21": -0.7086482048034668,
      "e22": -0.2403835654258728,
      "e23": 0.22329559922218324,
      "e30": 0.0,
      "e31": 0.0,
      "e32": 0.0,
      "e33": 1.0
    }
  },
  "leapTracker": {
    "name": "Leap Provider",
    "serial": "",
    "localPose": {
      "position": {
        "x": 0.0,
        "y": 0.039777886122465137,
        "z": 0.0804821103811264
      },
      "rotation": {
        "x": 0.27482354640960696,
        "y": 0.0,
        "z": 0.0,
        "w": 0.9614946842193604
      }
    }
  }
}