{
  "leftEye": {
    "ellipseMinorAxis": 0.24494899809360505,
    "ellipseMajorAxis": 0.3099985122680664,
    "screenForward": {
      "x": -0.11811802536249161,
      "y": -0.4722078740596771,
      "z": -0.873538076877594
    },
    "screenPosition": {
      "x": 0.45917800068855288,
      "y": 0.27666690945625307,
      "z": -0.17696833610534669
    },
    "eyePosition": {
      "x": 0.4269915521144867,
      "y": 0.24760644137859345,
      "z": -0.15153852105140687
    },
    "eyeRotation": {
      "x": 0.09159677475690842,
      "y": -0.28682243824005129,
      "z": 0.016956724226474763,
      "w": 0.9534440040588379
    },
    "cameraProjection": {
      "x": -0.699999988079071,
      "y": 0.699999988079071,
      "z": 0.30000001192092898,
      "w": -1.399999976158142
    },
    "sphereToWorldSpace": {
      "e00": 0.05101080238819122,
      "e01": 0.06071346998214722,
      "e02": 0.29330453276634219,
      "e03": -0.11479098349809647,
      "e10": 0.0,
      "e11": 0.23695310950279237,
      "e12": -0.07855913043022156,
      "e13": 0.02622470073401928,
      "e20": -0.23957861959934236,
      "e21": 0.012927045114338398,
      "e22": 0.062450066208839419,
      "e23": -0.05262647196650505,
      "e30": 0.0,
      "e31": 0.0,
      "e32": 0.0,
      "e33": 1.0
    },
    "worldToScreenSpace": {
      "e00": -10.302316665649414,
      "e01": 10.296485900878907,
      "e02": -4.172907829284668,
      "e03": 1.1434273719787598,
      "e10": 12.183168411254883,
      "e11": 9.451740264892579,
      "e12": -6.756706237792969,
      "e13": -9.404949188232422,
      "e20": -0.11811801791191101,
      "e21": -0.47220802307128909,
      "e22": -0.8735383152961731,
      "e23": 0.03029286116361618,
      "e30": 0.0,
      "e31": 0.0,
      "e32": 0.0,
      "e33": 1.0
    }
  },
  "rightEye": {
    "ellipseMinorAxis": 0.24494899809360505,
    "ellipseMajorAxis": 0.3099985122680664,
    "screenForward": {
      "x": 0.30520176887512209,
      "y": -0.13727764785289765,
      "z": -0.9423410892486572
    },
    "screenPosition": {
      "x": 0.33479800820350649,
      "y": 0.18439488112926484,
      "z": -0.1598730981349945
    },
    "eyePosition": {
      "x": 0.37526580691337588,
      "y": 0.21053655445575715,
      "z": -0.14473587274551392
    },
    "eyeRotation": {
      "x": 0.09159677475690842,
      "y": -0.28682243824005129,
      "z": 0.016956724226474763,
      "w": 0.9534440040588379
    },
    "cameraProjection": {
      "x": -0.699999988079071,
      "y": 0.699999988079071,
      "z": 0.30000001192092898,
      "w": -1.399999976158142
    },
    "sphereToWorldSpace": {
      "e00": 0.05101081356406212,
      "e01": -0.060713451355695727,
      "e02": -0.29330453276634219,
      "e03": 0.11474951356649399,
      "e10": 0.0,
      "e11": 0.23695312440395356,
      "e12": -0.07855910062789917,
      "e13": 0.023245181888341905,
      "e20": 0.23957861959934236,
      "e21": 0.0129270413890481,
      "e22": 0.062450066208839419,
      "e23": -0.052328456193208697,
      "e30": 0.0,
      "e31": 0.0,
      "e32": 0.0,
      "e33": 1.0
    },
    "worldToScreenSpace": {
      "e00": -7.470116138458252,
      "e01": 12.482267379760743,
      "e02": -4.237773418426514,
      "e03": -0.47819197177886965,
      "e10": 13.715899467468262,
      "e11": 9.258642196655274,
      "e12": 3.0934805870056154,
      "e13": -5.8047380447387699,
      "e20": 0.30520182847976687,
      "e21": -0.13727763295173646,
      "e22": -0.9423413872718811,
      "e23": -0.22752273082733155,
      "e30": 0.0,
      "e31": 0.0,
      "e32": 0.0,
      "e33": 1.0
    }
  },
  "leapTracker": {
    "name": "Leap Provider",
    "serial": "",
    "localPose": {
      "position": {
        "x": 0.0,
        "y": 0.039777886122465137,
        "z": 0.0804821103811264
      },
      "rotation": {
        "x": 0.27482354640960696,
        "y": 0.0,
        "z": 0.0,
        "w": 0.9614946842193604
      }
    }
  }
}