{
  "leftEye": {
    "ellipseMinorAxis": 0.24494899809360505,
    "ellipseMajorAxis": 0.3099985122680664,
    "screenForward": {
      "x": 0.4145592153072357,
      "y": -0.30216965079307558,
      "z": -0.8583905696868897
    },
    "screenPosition": {
      "x": 0.4612445831298828,
      "y": 0.3097839057445526,
      "z": 0.008420899510383606
    },
    "eyePosition": {
      "x": 0.42287567257881167,
      "y": 0.27734535932540896,
      "z": 0.006772905588150024
    },
    "eyeRotation": {
      "x": 0.09106136858463288,
      "y": -0.28660035133361819,
      "z": 0.014963556081056595,
      "w": 0.9535953998565674
    },
    "cameraProjection": {
      "x": -0.699999988079071,
      "y": 0.699999988079071,
      "z": 0.30000001192092898,
      "w": -1.399999976158142
    },
    "sphereToWorldSpace": {
      "e00": 0.05101080238819122,
      "e01": 0.06071346998214722,
      "e02": 0.29330453276634219,
      "e03": -0.11479098349809647,
      "e10": 0.0,
      "e11": 0.23695310950279237,
      "e12": -0.07855913043022156,
      "e13": 0.02622470073401928,
      "e20": -0.23957861959934236,
      "e21": 0.012927045114338398,
      "e22": 0.062450066208839419,
      "e23": -0.05262647196650505,
      "e30": 0.0,
      "e31": 0.0,
      "e32": 0.0,
      "e33": 1.0
    },
    "worldToScreenSpace": {
      "e00": -7.166980743408203,
      "e01": 11.125350952148438,
      "e02": -7.377622604370117,
      "e03": -0.0785970687866211,
      "e10": 13.087993621826172,
      "e11": 10.233929634094239,
      "e12": 2.7183032035827638,
      "e13": -9.229963302612305,
      "e20": 0.4145594537258148,
      "e21": -0.3021698594093323,
      "e22": -0.8583908677101135,
      "e23": -0.09037750959396362,
      "e30": 0.0,
      "e31": 0.0,
      "e32": 0.0,
      "e33": 1.0
    }
  },
  "rightEye": {
    "ellipseMinorAxis": 0.24494899809360505,
    "ellipseMajorAxis": 0.3099985122680664,
    "screenForward": {
      "x": 0.778526782989502,
      "y": 0.02958032488822937,
      "z": -0.6269137859344482
    },
    "screenPosition": {
      "x": 0.3555052876472473,
      "y": 0.21891050040721894,
      "z": -0.061134472489356998
    },
    "eyePosition": {
      "x": 0.3789635896682739,
      "y": 0.24089078605175019,
      "z": -0.022189170122146608
    },
    "eyeRotation": {
      "x": 0.09106136858463288,
      "y": -0.28660035133361819,
      "z": 0.014963556081056595,
      "w": 0.9535953998565674
    },
    "cameraProjection": {
      "x": -0.699999988079071,
      "y": 0.699999988079071,
      "z": 0.30000001192092898,
      "w": -1.399999976158142
    },
    "sphereToWorldSpace": {
      "e00": 0.05101081356406212,
      "e01": -0.060713451355695727,
      "e02": -0.29330453276634219,
      "e03": 0.11474951356649399,
      "e10": 0.0,
      "e11": 0.23695312440395356,
      "e12": -0.07855910062789917,
      "e13": 0.023245181888341905,
      "e20": 0.23957861959934236,
      "e21": 0.0129270413890481,
      "e22": 0.062450066208839419,
      "e23": -0.052328456193208697,
      "e30": 0.0,
      "e31": 0.0,
      "e32": 0.0,
      "e33": 1.0
    },
    "worldToScreenSpace": {
      "e00": -4.942509651184082,
      "e01": 13.218722343444825,
      "e02": -5.514095306396484,
      "e03": -1.4737298488616944,
      "e10": 9.02655029296875,
      "e11": 8.212672233581543,
      "e12": 11.597040176391602,
      "e13": -4.297847270965576,
      "e20": 0.7785270810127258,
      "e21": 0.02958032302558422,
      "e22": -0.6269140243530273,
      "e23": -0.3215720057487488,
      "e30": 0.0,
      "e31": 0.0,
      "e32": 0.0,
      "e33": 1.0
    }
  },
  "leapTracker": {
    "name": "Leap Provider",
    "serial": "",
    "localPose": {
      "position": {
        "x": 0.0,
        "y": 0.039777886122465137,
        "z": 0.0804821103811264
      },
      "rotation": {
        "x": 0.27482354640960696,
        "y": 0.0,
        "z": 0.0,
        "w": 0.9614946842193604
      }
    }
  }
}