{
  "leftEye": {
    "ellipseMinorAxis": 0.24494899809360505,
    "ellipseMajorAxis": 0.3099985122680664,
    "screenForward": {
      "x": -0.2956475019454956,
      "y": -0.37877994775772097,
      "z": 0.8769939541816711
    },
    "screenPosition": {
      "x": -0.08888090401887894,
      "y": 0.05907468497753143,
      "z": -0.24259093403816224
    },
    "eyePosition": {
      "x": -0.04082849621772766,
      "y": 0.06513374298810959,
      "z": -0.22912190854549409
    },
    "eyeRotation": {
      "x": -0.07401733845472336,
      "y": 0.33535268902778628,
      "z": -0.12170213460922241,
      "w": -0.9312618374824524
    },
    "cameraProjection": {
      "x": -0.699999988079071,
      "y": 0.699999988079071,
      "z": 0.30000001192092898,
      "w": -1.399999976158142
    },
    "sphereToWorldSpace": {
      "e00": 0.05101080238819122,
      "e01": 0.06071346998214722,
      "e02": 0.29330453276634219,
      "e03": -0.11479098349809647,
      "e10": 0.0,
      "e11": 0.23695310950279237,
      "e12": -0.07855913043022156,
      "e13": 0.02622470073401928,
      "e20": -0.23957861959934236,
      "e21": 0.012927045114338398,
      "e22": 0.062450066208839419,
      "e23": -0.05262647196650505,
      "e30": 0.0,
      "e31": 0.0,
      "e32": 0.0,
      "e33": 1.0
    },
    "worldToScreenSpace": {
      "e00": -4.511682510375977,
      "e01": 13.77022933959961,
      "e02": 4.426504135131836,
      "e03": -0.14064456522464753,
      "e10": -15.28120231628418,
      "e11": -2.942260503768921,
      "e12": -6.422299385070801,
      "e13": -2.7423858642578127,
      "e20": -0.29564744234085085,
      "e21": -0.3787798583507538,
      "e22": 0.8769939541816711,
      "e23": 0.20884966850280763,
      "e30": 0.0,
      "e31": 0.0,
      "e32": 0.0,
      "e33": 1.0
    }
  },
  "rightEye": {
    "ellipseMinorAxis": 0.24494899809360505,
    "ellipseMajorAxis": 0.3099985122680664,
    "screenForward": {
      "x": -0.7134069204330444,
      "y": -0.45144641399383547,
      "z": 0.535953938961029
    },
    "screenPosition": {
      "x": 0.028153816238045694,
      "y": 0.08424131572246552,
      "z": -0.14285989105701447
    },
    "eyePosition": {
      "x": 0.006880579516291618,
      "y": 0.07646361738443375,
      "z": -0.1879943162202835
    },
    "eyeRotation": {
      "x": -0.07401733845472336,
      "y": 0.33535268902778628,
      "z": -0.12170213460922241,
      "w": -0.9312618374824524
    },
    "cameraProjection": {
      "x": -0.699999988079071,
      "y": 0.699999988079071,
      "z": 0.30000001192092898,
      "w": -1.399999976158142
    },
    "sphereToWorldSpace": {
      "e00": 0.05101081356406212,
      "e01": -0.060713451355695727,
      "e02": -0.29330453276634219,
      "e03": 0.11474951356649399,
      "e10": 0.0,
      "e11": 0.23695312440395356,
      "e12": -0.07855910062789917,
      "e13": 0.023245181888341905,
      "e20": 0.23957861959934236,
      "e21": 0.0129270413890481,
      "e22": 0.062450066208839419,
      "e23": -0.052328456193208697,
      "e30": 0.0,
      "e31": 0.0,
      "e32": 0.0,
      "e33": 1.0
    },
    "worldToScreenSpace": {
      "e00": -6.996535301208496,
      "e01": 13.305214881896973,
      "e02": 1.8942198753356934,
      "e03": -0.6532615423202515,
      "e10": -8.873470306396485,
      "e11": -2.664968729019165,
      "e12": -14.056221008300782,
      "e13": -1.533747673034668,
      "e20": -0.7134069204330444,
      "e21": -0.45144641399383547,
      "e22": 0.5359538793563843,
      "e23": 0.13468186557292939,
      "e30": 0.0,
      "e31": 0.0,
      "e32": 0.0,
      "e33": 1.0
    }
  },
  "leapTracker": {
    "name": "Leap Provider",
    "serial": "",
    "localPose": {
      "position": {
        "x": 0.0,
        "y": 0.039777886122465137,
        "z": 0.0804821103811264
      },
      "rotation": {
        "x": 0.27482354640960696,
        "y": 0.0,
        "z": 0.0,
        "w": 0.9614946842193604
      }
    }
  }
}