{
  "leftEye": {
    "ellipseMinorAxis": 0.24494899809360505,
    "ellipseMajorAxis": 0.3099985122680664,
    "screenForward": {
      "x": 0.07394745945930481,
      "y": -0.4332890510559082,
      "z": 0.8982162475585938
    },
    "screenPosition": {
      "x": -0.013899631798267365,
      "y": -0.17499862611293794,
      "z": 0.13202857971191407
    },
    "eyePosition": {
      "x": 0.035529039800167087,
      "y": -0.17472757399082185,
      "z": 0.12286927551031113
    },
    "eyeRotation": {
      "x": -0.11513123661279679,
      "y": 0.12217054516077042,
      "z": -0.03680655360221863,
      "w": -0.9851215481758118
    },
    "cameraProjection": {
      "x": -0.699999988079071,
      "y": 0.699999988079071,
      "z": 0.30000001192092898,
      "w": -1.399999976158142
    },
    "sphereToWorldSpace": {
      "e00": 0.05101080238819122,
      "e01": 0.06071346998214722,
      "e02": 0.29330453276634219,
      "e03": -0.11479098349809647,
      "e10": 0.0,
      "e11": 0.23695310950279237,
      "e12": -0.07855913043022156,
      "e13": 0.02622470073401928,
      "e20": -0.23957861959934236,
      "e21": 0.012927045114338398,
      "e22": 0.062450066208839419,
      "e23": -0.05262647196650505,
      "e30": 0.0,
      "e31": 0.0,
      "e32": 0.0,
      "e33": 1.0
    },
    "worldToScreenSpace": {
      "e00": -0.3428565263748169,
      "e01": 13.63214111328125,
      "e02": 6.60421085357666,
      "e03": 1.5088956356048585,
      "e10": -16.78460693359375,
      "e11": -0.8848044276237488,
      "e12": 0.9550065994262695,
      "e13": -0.5142277479171753,
      "e20": 0.07394744455814362,
      "e21": -0.43328899145126345,
      "e22": 0.8982162475585938,
      "e23": -0.19338735938072205,
      "e30": 0.0,
      "e31": 0.0,
      "e32": 0.0,
      "e33": 1.0
    }
  },
  "rightEye": {
    "ellipseMinorAxis": 0.24494899809360505,
    "ellipseMajorAxis": 0.3099985122680664,
    "screenForward": {
      "x": -0.456506609916687,
      "y": -0.43371346592903139,
      "z": 0.7768489718437195
    },
    "screenPosition": {
      "x": 0.13714797794818879,
      "y": -0.17052049934864045,
      "z": 0.16999343037605287
    },
    "eyePosition": {
      "x": 0.09744516015052796,
      "y": -0.17188683152198792,
      "z": 0.13881684839725495
    },
    "eyeRotation": {
      "x": -0.11513123661279679,
      "y": 0.12217054516077042,
      "z": -0.03680655360221863,
      "w": -0.9851215481758118
    },
    "cameraProjection": {
      "x": -0.699999988079071,
      "y": 0.699999988079071,
      "z": 0.30000001192092898,
      "w": -1.399999976158142
    },
    "sphereToWorldSpace": {
      "e00": 0.05101081356406212,
      "e01": -0.060713451355695727,
      "e02": -0.29330453276634219,
      "e03": 0.11474951356649399,
      "e10": 0.0,
      "e11": 0.23695312440395356,
      "e12": -0.07855910062789917,
      "e13": 0.023245181888341905,
      "e20": 0.23957861959934236,
      "e21": 0.0129270413890481,
      "e22": 0.062450066208839419,
      "e23": -0.052328456193208697,
      "e30": 0.0,
      "e31": 0.0,
      "e32": 0.0,
      "e33": 1.0
    },
    "worldToScreenSpace": {
      "e00": -3.723083972930908,
      "e01": 13.646032333374024,
      "e02": 5.430726528167725,
      "e03": 1.9143537282943726,
      "e10": -14.39587688446045,
      "e11": -0.45901238918304446,
      "e12": -8.715843200683594,
      "e13": 3.377730369567871,
      "e20": -0.4565066695213318,
      "e21": -0.433713436126709,
      "e22": 0.7768489718437195,
      "e23": -0.14340728521347047,
      "e30": 0.0,
      "e31": 0.0,
      "e32": 0.0,
      "e33": 1.0
    }
  },
  "leapTracker": {
    "name": "Leap Provider",
    "serial": "",
    "localPose": {
      "position": {
        "x": 0.0,
        "y": 0.039777886122465137,
        "z": 0.0804821103811264
      },
      "rotation": {
        "x": 0.27482354640960696,
        "y": 0.0,
        "z": 0.0,
        "w": 0.9614946842193604
      }
    }
  }
}