{
  "leftEye": {
    "ellipseMinorAxis": 0.24494899809360505,
    "ellipseMajorAxis": 0.3099985122680664,
    "screenForward": {
      "x": -0.8796253204345703,
      "y": -0.47214168310165408,
      "z": -0.05780607461929321
    },
    "screenPosition": {
      "x": -0.1764143854379654,
      "y": -0.539158046245575,
      "z": 0.23801130056381226
    },
    "eyePosition": {
      "x": -0.1807437241077423,
      "y": -0.5271120667457581,
      "z": 0.2866251766681671
    },
    "eyeRotation": {
      "x": -0.016415556892752649,
      "y": -0.2800126373767853,
      "z": 0.0018398999236524106,
      "w": 0.9598541855812073
    },
    "cameraProjection": {
      "x": -0.699999988079071,
      "y": 0.699999988079071,
      "z": 0.30000001192092898,
      "w": -1.399999976158142
    },
    "sphereToWorldSpace": {
      "e00": 0.05101080238819122,
      "e01": 0.06071346998214722,
      "e02": 0.29330453276634219,
      "e03": -0.11479098349809647,
      "e10": 0.0,
      "e11": 0.23695310950279237,
      "e12": -0.07855913043022156,
      "e13": 0.02622470073401928,
      "e20": -0.23957861959934236,
      "e21": 0.012927045114338398,
      "e22": 0.062450066208839419,
      "e23": -0.05262647196650505,
      "e30": 0.0,
      "e31": 0.0,
      "e32": 0.0,
      "e33": 1.0
    },
    "worldToScreenSpace": {
      "e00": -6.456589698791504,
      "e01": 12.669450759887696,
      "e02": -5.231253623962402,
      "e03": 6.936898231506348,
      "e10": 3.558070659637451,
      "e11": -4.698128700256348,
      "e12": -15.76977825164795,
      "e13": 1.848046898841858,
      "e20": -0.8796253800392151,
      "e21": -0.4721418023109436,
      "e22": -0.0578061044216156,
      "e23": -0.3959791362285614,
      "e30": 0.0,
      "e31": 0.0,
      "e32": 0.0,
      "e33": 1.0
    }
  },
  "rightEye": {
    "ellipseMinorAxis": 0.24494899809360505,
    "ellipseMajorAxis": 0.3099985122680664,
    "screenForward": {
      "x": -0.6214759349822998,
      "y": -0.5824307799339294,
      "z": -0.5239677429199219
    },
    "screenPosition": {
      "x": -0.25326335430145266,
      "y": -0.5037767291069031,
      "z": 0.36885154247283938
    },
    "eyePosition": {
      "x": -0.21262983977794648,
      "y": -0.5116614103317261,
      "z": 0.3399220407009125
    },
    "eyeRotation": {
      "x": -0.016415556892752649,
      "y": -0.2800126373767853,
      "z": 0.0018398999236524106,
      "w": 0.9598541855812073
    },
    "cameraProjection": {
      "x": -0.699999988079071,
      "y": 0.699999988079071,
      "z": 0.30000001192092898,
      "w": -1.399999976158142
    },
    "sphereToWorldSpace": {
      "e00": 0.05101081356406212,
      "e01": -0.060713451355695727,
      "e02": -0.29330453276634219,
      "e03": 0.11474951356649399,
      "e10": 0.0,
      "e11": 0.23695312440395356,
      "e12": -0.07855910062789917,
      "e13": 0.023245181888341905,
      "e20": 0.23957861959934236,
      "e21": 0.0129270413890481,
      "e22": 0.062450066208839419,
      "e23": -0.052328456193208697,
      "e30": 0.0,
      "e31": 0.0,
      "e32": 0.0,
      "e33": 1.0
    },
    "worldToScreenSpace": {
      "e00": -4.42617130279541,
      "e01": 12.012962341308594,
      "e02": -8.10348129272461,
      "e03": 7.919846534729004,
      "e10": 12.237914085388184,
      "e11": -3.0188355445861818,
      "e12": -11.159674644470215,
      "e13": 5.694859027862549,
      "e20": -0.6214761137962341,
      "e21": -0.5824310183525086,
      "e22": -0.5239680409431458,
      "e23": -0.25754591822624209,
      "e30": 0.0,
      "e31": 0.0,
      "e32": 0.0,
      "e33": 1.0
    }
  },
  "leapTracker": {
    "name": "Leap Provider",
    "serial": "",
    "localPose": {
      "position": {
        "x": 0.0,
        "y": 0.039777886122465137,
        "z": 0.0804821103811264
      },
      "rotation": {
        "x": 0.27482354640960696,
        "y": 0.0,
        "z": 0.0,
        "w": 0.9614946842193604
      }
    }
  }
}