{
  "leftEye": {
    "ellipseMinorAxis": 0.24494899809360505,
    "ellipseMajorAxis": 0.3099985122680664,
    "screenForward": {
      "x": -0.6548198461532593,
      "y": -0.5618998408317566,
      "z": 0.5054499506950378
    },
    "screenPosition": {
      "x": 0.03174787014722824,
      "y": 0.0583760067820549,
      "z": -0.3214051127433777
    },
    "eyePosition": {
      "x": 0.06948073953390122,
      "y": 0.052089110016822818,
      "z": -0.28878816962242129
    },
    "eyeRotation": {
      "x": 0.0939505323767662,
      "y": -0.2858222424983978,
      "z": 0.016229037195444108,
      "w": 0.9535279273986816
    },
    "cameraProjection": {
      "x": -0.699999988079071,
      "y": 0.699999988079071,
      "z": 0.30000001192092898,
      "w": -1.399999976158142
    },
    "sphereToWorldSpace": {
      "e00": 0.05101080238819122,
      "e01": 0.06071346998214722,
      "e02": 0.29330453276634219,
      "e03": -0.11479098349809647,
      "e10": 0.0,
      "e11": 0.23695310950279237,
      "e12": -0.07855913043022156,
      "e13": 0.02622470073401928,
      "e20": -0.23957861959934236,
      "e21": 0.012927045114338398,
      "e22": 0.062450066208839419,
      "e23": -0.05262647196650505,
      "e30": 0.0,
      "e31": 0.0,
      "e32": 0.0,
      "e33": 1.0
    },
    "worldToScreenSpace": {
      "e00": -5.584670543670654,
      "e01": 12.44357967376709,
      "e02": 6.5982666015625,
      "e03": 1.5716115236282349,
      "e10": -11.1079740524292,
      "e11": 1.66433846950531,
      "e12": -12.540369987487793,
      "e13": -3.7750420570373537,
      "e20": -0.6548198461532593,
      "e21": -0.5618999004364014,
      "e22": 0.5054499506950378,
      "e23": 0.2160448133945465,
      "e30": 0.0,
      "e31": 0.0,
      "e32": 0.0,
      "e33": 1.0
    }
  },
  "rightEye": {
    "ellipseMinorAxis": 0.24494899809360505,
    "ellipseMajorAxis": 0.3099985122680664,
    "screenForward": {
      "x": -0.8870792388916016,
      "y": -0.4610034227371216,
      "z": 0.023799195885658265
    },
    "screenPosition": {
      "x": 0.09514901787042618,
      "y": 0.03342290222644806,
      "z": -0.18128234148025514
    },
    "eyePosition": {
      "x": 0.09515330195426941,
      "y": 0.04278833419084549,
      "z": -0.23090539872646333
    },
    "eyeRotation": {
      "x": 0.0939505323767662,
      "y": -0.2858222424983978,
      "z": 0.016229037195444108,
      "w": 0.9535279273986816
    },
    "cameraProjection": {
      "x": -0.699999988079071,
      "y": 0.699999988079071,
      "z": 0.30000001192092898,
      "w": -1.399999976158142
    },
    "sphereToWorldSpace": {
      "e00": 0.05101081356406212,
      "e01": -0.060713451355695727,
      "e02": -0.29330453276634219,
      "e03": 0.11474951356649399,
      "e10": 0.0,
      "e11": 0.23695312440395356,
      "e12": -0.07855910062789917,
      "e13": 0.023245181888341905,
      "e20": 0.23957861959934236,
      "e21": 0.0129270413890481,
      "e22": 0.062450066208839419,
      "e23": -0.052328456193208697,
      "e30": 0.0,
      "e31": 0.0,
      "e32": 0.0,
      "e33": 1.0
    },
    "worldToScreenSpace": {
      "e00": -6.750353813171387,
      "e01": 13.159209251403809,
      "e02": 3.291867733001709,
      "e03": 0.7992280721664429,
      "e10": -2.034158706665039,
      "e11": 3.066103935241699,
      "e12": -16.427995681762697,
      "e13": -2.887035369873047,
      "e20": -0.8870792388916016,
      "e21": -0.4610033929347992,
      "e22": 0.02379918098449707,
      "e23": 0.10412716865539551,
      "e30": 0.0,
      "e31": 0.0,
      "e32": 0.0,
      "e33": 1.0
    }
  },
  "leapTracker": {
    "name": "Leap Provider",
    "serial": "",
    "localPose": {
      "position": {
        "x": 0.0,
        "y": 0.039777886122465137,
        "z": 0.0804821103811264
      },
      "rotation": {
        "x": 0.27482354640960696,
        "y": 0.0,
        "z": 0.0,
        "w": 0.9614946842193604
      }
    }
  }
}