{
  "leftEye": {
    "ellipseMinorAxis": 0.24494899809360505,
    "ellipseMajorAxis": 0.3099985122680664,
    "screenForward": {
      "x": -0.7734692692756653,
      "y": -0.6325538754463196,
      "z": -0.04026533663272858
    },
    "screenPosition": {
      "x": 0.19648048281669618,
      "y": 0.13265688717365266,
      "z": -0.3791108727455139
    },
    "eyePosition": {
      "x": 0.21076421439647675,
      "y": 0.11965031921863556,
      "z": -0.33270007371902468
    },
    "eyeRotation": {
      "x": 0.09230998903512955,
      "y": -0.2870388329029083,
      "z": 0.01709296926856041,
      "w": 0.9533076286315918
    },
    "cameraProjection": {
      "x": -0.699999988079071,
      "y": 0.699999988079071,
      "z": 0.30000001192092898,
      "w": -1.399999976158142
    },
    "sphereToWorldSpace": {
      "e00": 0.05101080238819122,
      "e01": 0.06071346998214722,
      "e02": 0.29330453276634219,
      "e03": -0.11479098349809647,
      "e10": 0.0,
      "e11": 0.23695310950279237,
      "e12": -0.07855913043022156,
      "e13": 0.02622470073401928,
      "e20": -0.23957861959934236,
      "e21": 0.012927045114338398,
      "e22": 0.062450066208839419,
      "e23": -0.05262647196650505,
      "e30": 0.0,
      "e31": 0.0,
      "e32": 0.0,
      "e33": 1.0
    },
    "worldToScreenSpace": {
      "e00": -9.316337585449219,
      "e01": 11.112151145935059,
      "e02": 4.392538547515869,
      "e03": 2.021634101867676,
      "e10": -2.590094566345215,
      "e11": 4.191798210144043,
      "e12": -16.0977725982666,
      "e13": -6.150008201599121,
      "e20": -0.7734692692756653,
      "e21": -0.6325538754463196,
      "e22": -0.04026526212692261,
      "e23": 0.22061923146247865,
      "e30": 0.0,
      "e31": 0.0,
      "e32": 0.0,
      "e33": 1.0
    }
  },
  "rightEye": {
    "ellipseMinorAxis": 0.24494899809360505,
    "ellipseMajorAxis": 0.3099985122680664,
    "screenForward": {
      "x": -0.7138811349868774,
      "y": -0.4392004609107971,
      "z": -0.5454143285751343
    },
    "screenPosition": {
      "x": 0.175289586186409,
      "y": 0.08081349730491638,
      "z": -0.23371495306491853
    },
    "eyePosition": {
      "x": 0.20149236917495728,
      "y": 0.09923434257507324,
      "z": -0.27275657653808596
    },
    "eyeRotation": {
      "x": 0.09230998903512955,
      "y": -0.2870388329029083,
      "z": 0.01709296926856041,
      "w": 0.9533076286315918
    },
    "cameraProjection": {
      "x": -0.699999988079071,
      "y": 0.699999988079071,
      "z": 0.30000001192092898,
      "w": -1.399999976158142
    },
    "sphereToWorldSpace": {
      "e00": 0.05101081356406212,
      "e01": -0.060713451355695727,
      "e02": -0.29330453276634219,
      "e03": 0.11474951356649399,
      "e10": 0.0,
      "e11": 0.23695312440395356,
      "e12": -0.07855910062789917,
      "e13": 0.023245181888341905,
      "e20": 0.23957861959934236,
      "e21": 0.0129270413890481,
      "e22": 0.062450066208839419,
      "e23": -0.052328456193208697,
      "e30": 0.0,
      "e31": 0.0,
      "e32": 0.0,
      "e33": 1.0
    },
    "worldToScreenSpace": {
      "e00": -8.551432609558106,
      "e01": 12.453316688537598,
      "e02": 1.1646263599395753,
      "e03": 0.7647714614868164,
      "e10": 6.978569030761719,
      "e11": 6.106087684631348,
      "e12": -14.051091194152832,
      "e13": -5.000674247741699,
      "e20": -0.7138811945915222,
      "e21": -0.43920043110847475,
      "e22": -0.5454142689704895,
      "e23": 0.03315778821706772,
      "e30": 0.0,
      "e31": 0.0,
      "e32": 0.0,
      "e33": 1.0
    }
  },
  "leapTracker": {
    "name": "Leap Provider",
    "serial": "",
    "localPose": {
      "position": {
        "x": 0.0,
        "y": 0.039777886122465137,
        "z": 0.0804821103811264
      },
      "rotation": {
        "x": 0.27482354640960696,
        "y": 0.0,
        "z": 0.0,
        "w": 0.9614946842193604
      }
    }
  }
}