{
  "leftEye": {
    "ellipseMinorAxis": 0.24494899809360505,
    "ellipseMajorAxis": 0.3099985122680664,
    "screenForward": {
      "x": -0.7787597179412842,
      "y": -0.47498250007629397,
      "z": 0.40978682041168215
    },
    "screenPosition": {
      "x": -0.09458853304386139,
      "y": -0.45678064227104189,
      "z": 0.2922475337982178
    },
    "eyePosition": {
      "x": -0.07195654511451721,
      "y": -0.4463478624820709,
      "z": 0.3359065353870392
    },
    "eyeRotation": {
      "x": -0.02286647818982601,
      "y": -0.28099876642227175,
      "z": 0.010102741420269013,
      "w": 0.9593825340270996
    },
    "cameraProjection": {
      "x": -0.699999988079071,
      "y": 0.699999988079071,
      "z": 0.30000001192092898,
      "w": -1.399999976158142
    },
    "sphereToWorldSpace": {
      "e00": 0.05101080238819122,
      "e01": 0.06071346998214722,
      "e02": 0.29330453276634219,
      "e03": -0.11479098349809647,
      "e10": 0.0,
      "e11": 0.23695310950279237,
      "e12": -0.07855913043022156,
      "e13": 0.02622470073401928,
      "e20": -0.23957861959934236,
      "e21": 0.012927045114338398,
      "e22": 0.062450066208839419,
      "e23": -0.05262647196650505,
      "e30": 0.0,
      "e31": 0.0,
      "e32": 0.0,
      "e33": 1.0
    },
    "worldToScreenSpace": {
      "e00": -8.09454345703125,
      "e01": 12.796229362487793,
      "e02": -0.5508184432983398,
      "e03": 5.240394592285156,
      "e10": -5.53566837310791,
      "e11": -4.162217140197754,
      "e12": -15.34439468383789,
      "e13": 2.05953049659729,
      "e20": -0.7787595987319946,
      "e21": -0.4749824106693268,
      "e22": 0.4097868800163269,
      "e23": -0.4103836715221405,
      "e30": 0.0,
      "e31": 0.0,
      "e32": 0.0,
      "e33": 1.0
    }
  },
  "rightEye": {
    "ellipseMinorAxis": 0.24494899809360505,
    "ellipseMajorAxis": 0.3099985122680664,
    "screenForward": {
      "x": -0.8130506277084351,
      "y": -0.5685794353485107,
      "z": -0.12516671419143678
    },
    "screenPosition": {
      "x": -0.08861136436462403,
      "y": -0.4261116087436676,
      "z": 0.44489240646362307
    },
    "eyePosition": {
      "x": -0.06999951601028443,
      "y": -0.432820588350296,
      "z": 0.3984299898147583
    },
    "eyeRotation": {
      "x": -0.02286647818982601,
      "y": -0.28099876642227175,
      "z": 0.010102741420269013,
      "w": 0.9593825340270996
    },
    "cameraProjection": {
      "x": -0.699999988079071,
      "y": 0.699999988079071,
      "z": 0.30000001192092898,
      "w": -1.399999976158142
    },
    "sphereToWorldSpace": {
      "e00": 0.05101081356406212,
      "e01": -0.060713451355695727,
      "e02": -0.29330453276634219,
      "e03": 0.11474951356649399,
      "e10": 0.0,
      "e11": 0.23695312440395356,
      "e12": -0.07855910062789917,
      "e13": 0.023245181888341905,
      "e20": 0.23957861959934236,
      "e21": 0.0129270413890481,
      "e22": 0.062450066208839419,
      "e23": -0.052328456193208697,
      "e30": 0.0,
      "e31": 0.0,
      "e32": 0.0,
      "e33": 1.0
    },
    "worldToScreenSpace": {
      "e00": -7.934661388397217,
      "e01": 12.245064735412598,
      "e02": -4.082663059234619,
      "e03": 6.331009864807129,
      "e10": 4.282211780548096,
      "e11": -2.5847339630126955,
      "e12": -16.074825286865236,
      "e13": 6.4296345710754398,
      "e20": -0.8130505681037903,
      "e21": -0.568579375743866,
      "e22": -0.12516659498214723,
      "e23": -0.2586381435394287,
      "e30": 0.0,
      "e31": 0.0,
      "e32": 0.0,
      "e33": 1.0
    }
  },
  "leapTracker": {
    "name": "Leap Provider",
    "serial": "",
    "localPose": {
      "position": {
        "x": 0.0,
        "y": 0.039777886122465137,
        "z": 0.0804821103811264
      },
      "rotation": {
        "x": 0.27482354640960696,
        "y": 0.0,
        "z": 0.0,
        "w": 0.9614946842193604
      }
    }
  }
}