{
  "leftEye": {
    "ellipseMinorAxis": 0.24494899809360505,
    "ellipseMajorAxis": 0.3099985122680664,
    "screenForward": {
      "x": -0.11550891399383545,
      "y": -0.7581812143325806,
      "z": 0.6417313814163208
    },
    "screenPosition": {
      "x": -0.335591197013855,
      "y": -0.11970501393079758,
      "z": 0.021487779915332795
    },
    "eyePosition": {
      "x": -0.2862071394920349,
      "y": -0.11444761604070664,
      "z": 0.02928077057003975
    },
    "eyeRotation": {
      "x": -0.16741207242012025,
      "y": 0.13993877172470094,
      "z": -0.041728995740413669,
      "w": -0.9750124216079712
    },
    "cameraProjection": {
      "x": -0.699999988079071,
      "y": 0.699999988079071,
      "z": 0.30000001192092898,
      "w": -1.399999976158142
    },
    "sphereToWorldSpace": {
      "e00": 0.05101080238819122,
      "e01": 0.06071346998214722,
      "e02": 0.29330453276634219,
      "e03": -0.11479098349809647,
      "e10": 0.0,
      "e11": 0.23695310950279237,
      "e12": -0.07855913043022156,
      "e13": 0.02622470073401928,
      "e20": -0.23957861959934236,
      "e21": 0.012927045114338398,
      "e22": 0.062450066208839419,
      "e23": -0.05262647196650505,
      "e30": 0.0,
      "e31": 0.0,
      "e32": 0.0,
      "e33": 1.0
    },
    "worldToScreenSpace": {
      "e00": -4.2343292236328129,
      "e01": 9.769157409667969,
      "e02": 10.779722213745118,
      "e03": -0.48321884870529177,
      "e10": -16.04684829711914,
      "e11": -1.6357228755950928,
      "e12": -4.820905685424805,
      "e13": -5.477395057678223,
      "e20": -0.11550886929035187,
      "e21": -0.758181095123291,
      "e22": 0.6417315006256104,
      "e23": -0.14331123232841493,
      "e30": 0.0,
      "e31": 0.0,
      "e32": 0.0,
      "e33": 1.0
    }
  },
  "rightEye": {
    "ellipseMinorAxis": 0.24494899809360505,
    "ellipseMajorAxis": 0.3099985122680664,
    "screenForward": {
      "x": -0.584434986114502,
      "y": -0.7232625484466553,
      "z": 0.36786845326423647
    },
    "screenPosition": {
      "x": -0.20367531478405,
      "y": -0.127047598361969,
      "z": 0.10407736152410507
    },
    "eyePosition": {
      "x": -0.23239314556121827,
      "y": -0.11669528484344483,
      "z": 0.06384958326816559
    },
    "eyeRotation": {
      "x": -0.16741207242012025,
      "y": 0.13993877172470094,
      "z": -0.041728995740413669,
      "w": -0.9750124216079712
    },
    "cameraProjection": {
      "x": -0.699999988079071,
      "y": 0.699999988079071,
      "z": 0.30000001192092898,
      "w": -1.399999976158142
    },
    "sphereToWorldSpace": {
      "e00": 0.05101081356406212,
      "e01": -0.060713451355695727,
      "e02": -0.29330453276634219,
      "e03": 0.11474951356649399,
      "e10": 0.0,
      "e11": 0.23695312440395356,
      "e12": -0.07855910062789917,
      "e13": 0.023245181888341905,
      "e20": 0.23957861959934236,
      "e21": 0.0129270413890481,
      "e22": 0.062450066208839419,
      "e23": -0.052328456193208697,
      "e30": 0.0,
      "e31": 0.0,
      "e32": 0.0,
      "e33": 1.0
    },
    "worldToScreenSpace": {
      "e00": -7.113110542297363,
      "e01": 10.16906452178955,
      "e02": 8.692646980285645,
      "e03": -1.061517596244812,
      "e10": -11.142162322998047,
      "e11": 2.7373297214508058,
      "e12": -12.319783210754395,
      "e13": -0.6394017934799194,
      "e20": -0.584434986114502,
      "e21": -0.7232625484466553,
      "e22": 0.36786866188049319,
      "e23": -0.24921053647994996,
      "e30": 0.0,
      "e31": 0.0,
      "e32": 0.0,
      "e33": 1.0
    }
  },
  "leapTracker": {
    "name": "Leap Provider",
    "serial": "",
    "localPose": {
      "position": {
        "x": 0.0,
        "y": 0.039777886122465137,
        "z": 0.0804821103811264
      },
      "rotation": {
        "x": 0.27482354640960696,
        "y": 0.0,
        "z": 0.0,
        "w": 0.9614946842193604
      }
    }
  }
}