{
  "leftEye": {
    "ellipseMinorAxis": 0.24494899809360505,
    "ellipseMajorAxis": 0.3099985122680664,
    "screenForward": {
      "x": -0.5233827233314514,
      "y": -0.8336436152458191,
      "z": 0.17637750506401063
    },
    "screenPosition": {
      "x": -0.005246104672551155,
      "y": 0.5640065670013428,
      "z": -0.5203660726547241
    },
    "eyePosition": {
      "x": 0.01902090571820736,
      "y": 0.5637107491493225,
      "z": -0.4763413667678833
    },
    "eyeRotation": {
      "x": 0.09412284940481186,
      "y": 0.02061832882463932,
      "z": 0.05039104446768761,
      "w": 0.9940706491470337
    },
    "cameraProjection": {
      "x": -0.699999988079071,
      "y": 0.699999988079071,
      "z": 0.30000001192092898,
      "w": -1.399999976158142
    },
    "sphereToWorldSpace": {
      "e00": 0.05101080238819122,
      "e01": 0.06071346998214722,
      "e02": 0.29330453276634219,
      "e03": -0.11479098349809647,
      "e10": 0.0,
      "e11": 0.23695310950279237,
      "e12": -0.07855913043022156,
      "e13": 0.02622470073401928,
      "e20": -0.23957861959934236,
      "e21": 0.012927045114338398,
      "e22": 0.062450066208839419,
      "e23": -0.05262647196650505,
      "e30": 0.0,
      "e31": 0.0,
      "e32": 0.0,
      "e33": 1.0
    },
    "worldToScreenSpace": {
      "e00": -11.683747291564942,
      "e01": 8.355425834655762,
      "e02": 4.82134485244751,
      "e03": -2.264944553375244,
      "e10": -6.103327751159668,
      "e11": 0.5140637159347534,
      "e12": -15.68130111694336,
      "e13": -8.481971740722657,
      "e20": -0.5233827233314514,
      "e21": -0.8336436152458191,
      "e22": 0.176377534866333,
      "e23": 0.5592156648635864,
      "e30": 0.0,
      "e31": 0.0,
      "e32": 0.0,
      "e33": 1.0
    }
  },
  "rightEye": {
    "ellipseMinorAxis": 0.24494899809360505,
    "ellipseMajorAxis": 0.3099985122680664,
    "screenForward": {
      "x": -0.603306233882904,
      "y": -0.7170421481132507,
      "z": -0.34910154342651369
    },
    "screenPosition": {
      "x": 0.012744976207613945,
      "y": 0.5328075885772705,
      "z": -0.36877554655075076
    },
    "eyePosition": {
      "x": 0.025626758113503457,
      "y": 0.5515868067741394,
      "z": -0.413848340511322
    },
    "eyeRotation": {
      "x": 0.09412284940481186,
      "y": 0.02061832882463932,
      "z": 0.05039104446768761,
      "w": 0.9940706491470337
    },
    "cameraProjection": {
      "x": -0.699999988079071,
      "y": 0.699999988079071,
      "z": 0.30000001192092898,
      "w": -1.399999976158142
    },
    "sphereToWorldSpace": {
      "e00": 0.05101081356406212,
      "e01": -0.060713451355695727,
      "e02": -0.29330453276634219,
      "e03": 0.11474951356649399,
      "e10": 0.0,
      "e11": 0.23695312440395356,
      "e12": -0.07855910062789917,
      "e13": 0.023245181888341905,
      "e20": 0.23957861959934236,
      "e21": 0.0129270413890481,
      "e22": 0.062450066208839419,
      "e23": -0.052328456193208697,
      "e30": 0.0,
      "e31": 0.0,
      "e32": 0.0,
      "e33": 1.0
    },
    "worldToScreenSpace": {
      "e00": -11.869694709777832,
      "e01": 9.315373420715332,
      "e02": 1.3793785572052003,
      "e03": -4.303341865539551,
      "e10": 2.5143775939941408,
      "e11": 5.528797149658203,
      "e12": -15.70122241973877,
      "e13": -8.768056869506836,
      "e20": -0.6033063530921936,
      "e21": -0.7170423269271851,
      "e22": -0.3491017520427704,
      "e23": 0.260994553565979,
      "e30": 0.0,
      "e31": 0.0,
      "e32": 0.0,
      "e33": 1.0
    }
  },
  "leapTracker": {
    "name": "Leap Provider",
    "serial": "",
    "localPose": {
      "position": {
        "x": 0.0,
        "y": 0.039777886122465137,
        "z": 0.0804821103811264
      },
      "rotation": {
        "x": 0.27482354640960696,
        "y": 0.0,
        "z": 0.0,
        "w": 0.9614946842193604
      }
    }
  }
}