{
  "leftEye": {
    "ellipseMinorAxis": 0.24494899809360505,
    "ellipseMajorAxis": 0.3099985122680664,
    "screenForward": {
      "x": -0.11611790955066681,
      "y": -0.491033136844635,
      "z": -0.8633676171302795
    },
    "screenPosition": {
      "x": 0.27722349762916567,
      "y": 0.4623429775238037,
      "z": 0.17573216557502747
    },
    "eyePosition": {
      "x": 0.2414076030254364,
      "y": 0.49641671776771548,
      "z": 0.16660167276859284
    },
    "eyeRotation": {
      "x": 0.2561083734035492,
      "y": 0.5448916554450989,
      "z": -0.13423509895801545,
      "w": 0.7870721817016602
    },
    "cameraProjection": {
      "x": -0.699999988079071,
      "y": 0.699999988079071,
      "z": 0.30000001192092898,
      "w": -1.399999976158142
    },
    "sphereToWorldSpace": {
      "e00": 0.05101080238819122,
      "e01": 0.06071346998214722,
      "e02": 0.29330453276634219,
      "e03": -0.11479098349809647,
      "e10": 0.0,
      "e11": 0.23695310950279237,
      "e12": -0.07855913043022156,
      "e13": 0.02622470073401928,
      "e20": -0.23957861959934236,
      "e21": 0.012927045114338398,
      "e22": 0.062450066208839419,
      "e23": -0.05262647196650505,
      "e30": 0.0,
      "e31": 0.0,
      "e32": 0.0,
      "e33": 1.0
    },
    "worldToScreenSpace": {
      "e00": 11.284249305725098,
      "e01": 8.061714172363282,
      "e02": -6.102700233459473,
      "e03": -5.783094882965088,
      "e10": 11.0631685256958,
      "e11": -11.612319946289063,
      "e12": 5.116479396820068,
      "e13": 1.4027745723724366,
      "e20": -0.11611801385879517,
      "e21": -0.49103301763534548,
      "e22": -0.8633674383163452,
      "e23": 0.41093769669532778,
      "e30": 0.0,
      "e31": 0.0,
      "e32": 0.0,
      "e33": 1.0
    }
  },
  "rightEye": {
    "ellipseMinorAxis": 0.24494899809360505,
    "ellipseMajorAxis": 0.3099985122680664,
    "screenForward": {
      "x": 0.21336576342582704,
      "y": -0.8003597259521484,
      "z": -0.5602681040763855
    },
    "screenPosition": {
      "x": 0.1872682124376297,
      "y": 0.552749752998352,
      "z": 0.08622564375400543
    },
    "eyePosition": {
      "x": 0.2053225338459015,
      "y": 0.5341112017631531,
      "z": 0.12954774498939515
    },
    "eyeRotation": {
      "x": 0.2561083734035492,
      "y": 0.5448916554450989,
      "z": -0.13423509895801545,
      "w": 0.7870721817016602
    },
    "cameraProjection": {
      "x": -0.699999988079071,
      "y": 0.699999988079071,
      "z": 0.30000001192092898,
      "w": -1.399999976158142
    },
    "sphereToWorldSpace": {
      "e00": 0.05101081356406212,
      "e01": -0.060713451355695727,
      "e02": -0.29330453276634219,
      "e03": 0.11474951356649399,
      "e10": 0.0,
      "e11": 0.23695312440395356,
      "e12": -0.07855910062789917,
      "e13": 0.023245181888341905,
      "e20": 0.23957861959934236,
      "e21": 0.0129270413890481,
      "e22": 0.062450066208839419,
      "e23": -0.052328456193208697,
      "e30": 0.0,
      "e31": 0.0,
      "e32": 0.0,
      "e33": 1.0
    },
    "worldToScreenSpace": {
      "e00": 13.292143821716309,
      "e01": 6.201989650726318,
      "e02": -3.7977094650268556,
      "e03": -5.589883804321289,
      "e10": 7.238123893737793,
      "e11": -7.374289512634277,
      "e12": 13.290877342224121,
      "e13": 1.5746517181396485,
      "e20": 0.21336562931537629,
      "e21": -0.8003595471382141,
      "e22": -0.5602677464485169,
      "e23": 0.4507513642311096,
      "e30": 0.0,
      "e31": 0.0,
      "e32": 0.0,
      "e33": 1.0
    }
  },
  "leapTracker": {
    "name": "Leap Provider",
    "serial": "",
    "localPose": {
      "position": {
        "x": 0.0,
        "y": 0.039777886122465137,
        "z": 0.0804821103811264
      },
      "rotation": {
        "x": 0.27482354640960696,
        "y": 0.0,
        "z": 0.0,
        "w": 0.9614946842193604
      }
    }
  }
}