{
  "leftEye": {
    "ellipseMinorAxis": 0.24494899809360505,
    "ellipseMajorAxis": 0.3099985122680664,
    "screenForward": {
      "x": 0.41922318935394289,
      "y": -0.727565586566925,
      "z": 0.5430471301078796
    },
    "screenPosition": {
      "x": -0.35943400859832766,
      "y": -0.021357204765081407,
      "z": -0.22984378039836884
    },
    "eyePosition": {
      "x": -0.3160313367843628,
      "y": -0.002847626805305481,
      "z": -0.24718639254570008
    },
    "eyeRotation": {
      "x": 0.1861121952533722,
      "y": -0.0005756788305006921,
      "z": 0.05606311932206154,
      "w": 0.9809275269508362
    },
    "cameraProjection": {
      "x": -0.699999988079071,
      "y": 0.699999988079071,
      "z": 0.30000001192092898,
      "w": -1.399999976158142
    },
    "sphereToWorldSpace": {
      "e00": 0.05101080238819122,
      "e01": 0.06071346998214722,
      "e02": 0.29330453276634219,
      "e03": -0.11479098349809647,
      "e10": 0.0,
      "e11": 0.23695310950279237,
      "e12": -0.07855913043022156,
      "e13": 0.02622470073401928,
      "e20": -0.23957861959934236,
      "e21": 0.012927045114338398,
      "e22": 0.062450066208839419,
      "e23": -0.05262647196650505,
      "e30": 0.0,
      "e31": 0.0,
      "e32": 0.0,
      "e33": 1.0
    },
    "worldToScreenSpace": {
      "e00": -0.5622773766517639,
      "e01": 8.847182273864746,
      "e02": 12.287376403808594,
      "e03": 2.8110265731811525,
      "e10": -15.271459579467774,
      "e11": -6.062775611877441,
      "e12": 3.6665022373199465,
      "e13": -4.775842666625977,
      "e20": 0.41922327876091006,
      "e21": -0.7275657653808594,
      "e22": 0.5430471897125244,
      "e23": 0.2599603533744812,
      "e30": 0.0,
      "e31": 0.0,
      "e32": 0.0,
      "e33": 1.0
    }
  },
  "rightEye": {
    "ellipseMinorAxis": 0.24494899809360505,
    "ellipseMajorAxis": 0.3099985122680664,
    "screenForward": {
      "x": -0.11483520269393921,
      "y": -0.8319374918937683,
      "z": 0.5428562164306641
    },
    "screenPosition": {
      "x": -0.2070373296737671,
      "y": 0.010679785162210465,
      "z": -0.22477853298187257
    },
    "eyePosition": {
      "x": -0.25361138582229617,
      "y": 0.010986976325511933,
      "z": -0.24429574608802796
    },
    "eyeRotation": {
      "x": 0.1861121952533722,
      "y": -0.0005756788305006921,
      "z": 0.05606311932206154,
      "w": 0.9809275269508362
    },
    "cameraProjection": {
      "x": -0.699999988079071,
      "y": 0.699999988079071,
      "z": 0.30000001192092898,
      "w": -1.399999976158142
    },
    "sphereToWorldSpace": {
      "e00": 0.05101081356406212,
      "e01": -0.060713451355695727,
      "e02": -0.29330453276634219,
      "e03": 0.11474951356649399,
      "e10": 0.0,
      "e11": 0.23695312440395356,
      "e12": -0.07855910062789917,
      "e13": 0.023245181888341905,
      "e20": 0.23957861959934236,
      "e21": 0.0129270413890481,
      "e22": 0.062450066208839419,
      "e23": -0.052328456193208697,
      "e30": 0.0,
      "e31": 0.0,
      "e32": 0.0,
      "e33": 1.0
    },
    "worldToScreenSpace": {
      "e00": -4.091841697692871,
      "e01": 8.364161491394043,
      "e02": 11.952653884887696,
      "e03": 1.7502086162567139,
      "e10": -16.093782424926759,
      "e11": -0.9429982304573059,
      "e12": -4.849621295928955,
      "e13": -4.4120330810546879,
      "e20": -0.11483514308929444,
      "e21": -0.8319375514984131,
      "e22": 0.5428562760353088,
      "e23": 0.10713218152523041,
      "e30": 0.0,
      "e31": 0.0,
      "e32": 0.0,
      "e33": 1.0
    }
  },
  "leapTracker": {
    "name": "Leap Provider",
    "serial": "",
    "localPose": {
      "position": {
        "x": 0.0,
        "y": 0.039777886122465137,
        "z": 0.0804821103811264
      },
      "rotation": {
        "x": 0.27482354640960696,
        "y": 0.0,
        "z": 0.0,
        "w": 0.9614946842193604
      }
    }
  }
}