{
  "leftEye": {
    "ellipseMinorAxis": 0.24494899809360505,
    "ellipseMajorAxis": 0.3099985122680664,
    "screenForward": {
      "x": -0.2576463222503662,
      "y": -0.4103783667087555,
      "z": 0.8747616410255432
    },
    "screenPosition": {
      "x": -0.07278162240982056,
      "y": 0.00986909493803978,
      "z": -0.17269529402256013
    },
    "eyePosition": {
      "x": -0.023212414234876634,
      "y": 0.0060435254126787189,
      "z": -0.16525094211101533
    },
    "eyeRotation": {
      "x": 0.0940202921628952,
      "y": -0.28726625442504885,
      "z": 0.016278672963380815,
      "w": 0.9530861377716065
    },
    "cameraProjection": {
      "x": -0.699999988079071,
      "y": 0.699999988079071,
      "z": 0.30000001192092898,
      "w": -1.399999976158142
    },
    "sphereToWorldSpace": {
      "e00": 0.05101080238819122,
      "e01": 0.06071346998214722,
      "e02": 0.29330453276634219,
      "e03": -0.11479098349809647,
      "e10": 0.0,
      "e11": 0.23695310950279237,
      "e12": -0.07855913043022156,
      "e13": 0.02622470073401928,
      "e20": -0.23957861959934236,
      "e21": 0.012927045114338398,
      "e22": 0.062450066208839419,
      "e23": -0.05262647196650505,
      "e30": 0.0,
      "e31": 0.0,
      "e32": 0.0,
      "e33": 1.0
    },
    "worldToScreenSpace": {
      "e00": -1.3357353210449219,
      "e01": 13.811121940612793,
      "e02": 6.085814476013184,
      "e03": 0.8174711465835571,
      "e10": -16.19881248474121,
      "e11": 0.44393011927604678,
      "e12": -4.562824249267578,
      "e13": -1.971335530281067,
      "e20": -0.25764623284339907,
      "e21": -0.4103783369064331,
      "e22": 0.8747617602348328,
      "e23": 0.1363653689622879,
      "e30": 0.0,
      "e31": 0.0,
      "e32": 0.0,
      "e33": 1.0
    }
  },
  "rightEye": {
    "ellipseMinorAxis": 0.24494899809360505,
    "ellipseMajorAxis": 0.3099985122680664,
    "screenForward": {
      "x": -0.7181371450424194,
      "y": -0.37348246574401858,
      "z": 0.5871880650520325
    },
    "screenPosition": {
      "x": 0.0576002262532711,
      "y": 0.0038080327212810518,
      "z": -0.08760358393192291
    },
    "eyePosition": {
      "x": 0.03019086644053459,
      "y": 0.00457230769097805,
      "z": -0.1300099790096283
    },
    "eyeRotation": {
      "x": 0.0940202921628952,
      "y": -0.28726625442504885,
      "z": 0.016278672963380815,
      "w": 0.9530861377716065
    },
    "cameraProjection": {
      "x": -0.699999988079071,
      "y": 0.699999988079071,
      "z": 0.30000001192092898,
      "w": -1.399999976158142
    },
    "sphereToWorldSpace": {
      "e00": 0.05101081356406212,
      "e01": -0.060713451355695727,
      "e02": -0.29330453276634219,
      "e03": 0.11474951356649399,
      "e10": 0.0,
      "e11": 0.23695312440395356,
      "e12": -0.07855910062789917,
      "e13": 0.023245181888341905,
      "e20": 0.23957861959934236,
      "e21": 0.0129270413890481,
      "e22": 0.062450066208839419,
      "e23": -0.052328456193208697,
      "e30": 0.0,
      "e31": 0.0,
      "e32": 0.0,
      "e33": 1.0
    },
    "worldToScreenSpace": {
      "e00": -4.138956546783447,
      "e01": 14.050687789916993,
      "e02": 3.874988079071045,
      "e03": 0.5243622064590454,
      "e10": -10.775156021118164,
      "e11": 0.39158526062965395,
      "e12": -12.929058074951172,
      "e13": -0.5134716033935547,
      "e20": -0.7181371450424194,
      "e21": -0.37348243594169619,
      "e22": 0.5871881246566773,
      "e23": 0.09422687441110611,
      "e30": 0.0,
      "e31": 0.0,
      "e32": 0.0,
      "e33": 1.0
    }
  },
  "leapTracker": {
    "name": "Leap Provider",
    "serial": "",
    "localPose": {
      "position": {
        "x": 0.0,
        "y": 0.039777886122465137,
        "z": 0.0804821103811264
      },
      "rotation": {
        "x": 0.27482354640960696,
        "y": 0.0,
        "z": 0.0,
        "w": 0.9614946842193604
      }
    }
  }
}