{
  "leftEye": {
    "ellipseMinorAxis": 0.24494899809360505,
    "ellipseMajorAxis": 0.3099985122680664,
    "screenForward": {
      "x": -0.4501740038394928,
      "y": -0.48960667848587038,
      "z": 0.7467454075813294
    },
    "screenPosition": {
      "x": 0.005584064871072769,
      "y": -0.37728044390678408,
      "z": 0.2909806966781616
    },
    "eyePosition": {
      "x": 0.048493143171072009,
      "y": -0.36917200684547427,
      "z": 0.3158849775791168
    },
    "eyeRotation": {
      "x": -0.0831390768289566,
      "y": -0.21622508764266969,
      "z": 0.022980131208896638,
      "w": 0.9725258350372315
    },
    "cameraProjection": {
      "x": -0.699999988079071,
      "y": 0.699999988079071,
      "z": 0.30000001192092898,
      "w": -1.399999976158142
    },
    "sphereToWorldSpace": {
      "e00": 0.05101080238819122,
      "e01": 0.06071346998214722,
      "e02": 0.29330453276634219,
      "e03": -0.11479098349809647,
      "e10": 0.0,
      "e11": 0.23695310950279237,
      "e12": -0.07855913043022156,
      "e13": 0.02622470073401928,
      "e20": -0.23957861959934236,
      "e21": 0.012927045114338398,
      "e22": 0.062450066208839419,
      "e23": -0.05262647196650505,
      "e30": 0.0,
      "e31": 0.0,
      "e32": 0.0,
      "e33": 1.0
    },
    "worldToScreenSpace": {
      "e00": -6.698829650878906,
      "e01": 12.860417366027832,
      "e02": 4.393608570098877,
      "e03": 3.6109352111816408,
      "e10": -13.0606689453125,
      "e11": -3.3604836463928224,
      "e12": -10.076910972595215,
      "e13": 1.7372734546661378,
      "e20": -0.4501740336418152,
      "e21": -0.4896067678928375,
      "e22": 0.7467453479766846,
      "e23": -0.3994937539100647,
      "e30": 0.0,
      "e31": 0.0,
      "e32": 0.0,
      "e33": 1.0
    }
  },
  "rightEye": {
    "ellipseMinorAxis": 0.24494899809360505,
    "ellipseMajorAxis": 0.3099985122680664,
    "screenForward": {
      "x": -0.7702440023422241,
      "y": -0.5563536882400513,
      "z": 0.31176096200942995
    },
    "screenPosition": {
      "x": 0.09383571147918701,
      "y": -0.3542529344558716,
      "z": 0.41730624437332156
    },
    "eyePosition": {
      "x": 0.08425870537757874,
      "y": -0.3587726354598999,
      "z": 0.36792996525764468
    },
    "eyeRotation": {
      "x": -0.0831390768289566,
      "y": -0.21622508764266969,
      "z": 0.022980131208896638,
      "w": 0.9725258350372315
    },
    "cameraProjection": {
      "x": -0.699999988079071,
      "y": 0.699999988079071,
      "z": 0.30000001192092898,
      "w": -1.399999976158142
    },
    "sphereToWorldSpace": {
      "e00": 0.05101081356406212,
      "e01": -0.060713451355695727,
      "e02": -0.29330453276634219,
      "e03": 0.11474951356649399,
      "e10": 0.0,
      "e11": 0.23695312440395356,
      "e12": -0.07855910062789917,
      "e13": 0.023245181888341905,
      "e20": 0.23957861959934236,
      "e21": 0.0129270413890481,
      "e22": 0.062450066208839419,
      "e23": -0.052328456193208697,
      "e30": 0.0,
      "e31": 0.0,
      "e32": 0.0,
      "e33": 1.0
    },
    "worldToScreenSpace": {
      "e00": -8.484628677368164,
      "e01": 12.483911514282227,
      "e02": 1.3158769607543946,
      "e03": 4.669499397277832,
      "e10": -5.137878894805908,
      "e11": -1.8129222393035889,
      "e12": -15.92901611328125,
      "e13": 6.487162113189697,
      "e20": -0.7702439427375794,
      "e21": -0.5563538074493408,
      "e22": 0.31176087260246279,
      "e23": -0.254913330078125,
      "e30": 0.0,
      "e31": 0.0,
      "e32": 0.0,
      "e33": 1.0
    }
  },
  "leapTracker": {
    "name": "Leap Provider",
    "serial": "",
    "localPose": {
      "position": {
        "x": 0.0,
        "y": 0.039777886122465137,
        "z": 0.0804821103811264
      },
      "rotation": {
        "x": 0.27482354640960696,
        "y": 0.0,
        "z": 0.0,
        "w": 0.9614946842193604
      }
    }
  }
}