{
  "leftEye": {
    "ellipseMinorAxis": 0.24494899809360505,
    "ellipseMajorAxis": 0.3099985122680664,
    "screenForward": {
      "x": 0.7236345410346985,
      "y": -0.6876354217529297,
      "z": -0.0592510923743248
    },
    "screenPosition": {
      "x": 0.004572678357362747,
      "y": 0.285537987947464,
      "z": 0.14023976027965547
    },
    "eyePosition": {
      "x": 0.002085059881210327,
      "y": 0.2940041124820709,
      "z": 0.09074938297271729
    },
    "eyeRotation": {
      "x": 0.25500208139419558,
      "y": 0.545745313167572,
      "z": -0.1354299634695053,
      "w": 0.7866351008415222
    },
    "cameraProjection": {
      "x": -0.699999988079071,
      "y": 0.699999988079071,
      "z": 0.30000001192092898,
      "w": -1.399999976158142
    },
    "sphereToWorldSpace": {
      "e00": 0.05101080238819122,
      "e01": 0.06071346998214722,
      "e02": 0.29330453276634219,
      "e03": -0.11479098349809647,
      "e10": 0.0,
      "e11": 0.23695310950279237,
      "e12": -0.07855913043022156,
      "e13": 0.02622470073401928,
      "e20": -0.23957861959934236,
      "e21": 0.012927045114338398,
      "e22": 0.062450066208839419,
      "e23": -0.05262647196650505,
      "e30": 0.0,
      "e31": 0.0,
      "e32": 0.0,
      "e33": 1.0
    },
    "worldToScreenSpace": {
      "e00": 10.377528190612793,
      "e01": 10.67994499206543,
      "e02": 2.7953743934631349,
      "e03": -3.4890058040618898,
      "e10": -1.4326667785644532,
      "e11": -2.930788993835449,
      "e12": 16.51593017578125,
      "e13": -1.4727873802185059,
      "e20": 0.7236344814300537,
      "e21": -0.6876354217529297,
      "e22": -0.059251174330711368,
      "e23": 0.20134645700454713,
      "e30": 0.0,
      "e31": 0.0,
      "e32": 0.0,
      "e33": 1.0
    }
  },
  "rightEye": {
    "ellipseMinorAxis": 0.24494899809360505,
    "ellipseMajorAxis": 0.3099985122680664,
    "screenForward": {
      "x": 0.5438002347946167,
      "y": -0.7057989835739136,
      "z": 0.4540144205093384
    },
    "screenPosition": {
      "x": 0.06033271923661232,
      "y": 0.29372087121009829,
      "z": -0.0050207823514938358
    },
    "eyePosition": {
      "x": 0.025614120066165925,
      "y": 0.29818102717399599,
      "z": 0.03137820214033127
    },
    "eyeRotation": {
      "x": 0.25500208139419558,
      "y": 0.545745313167572,
      "z": -0.1354299634695053,
      "w": 0.7866351008415222
    },
    "cameraProjection": {
      "x": -0.699999988079071,
      "y": 0.699999988079071,
      "z": 0.30000001192092898,
      "w": -1.399999976158142
    },
    "sphereToWorldSpace": {
      "e00": 0.05101081356406212,
      "e01": -0.060713451355695727,
      "e02": -0.29330453276634219,
      "e03": 0.11474951356649399,
      "e10": 0.0,
      "e11": 0.23695312440395356,
      "e12": -0.07855910062789917,
      "e13": 0.023245181888341905,
      "e20": 0.23957861959934236,
      "e21": 0.0129270413890481,
      "e22": 0.062450066208839419,
      "e23": -0.052328456193208697,
      "e30": 0.0,
      "e31": 0.0,
      "e32": 0.0,
      "e33": 1.0
    },
    "worldToScreenSpace": {
      "e00": 8.859098434448243,
      "e01": 10.707962989807129,
      "e02": 6.035248756408691,
      "e03": -3.6493444442749025,
      "e10": -10.134716033935547,
      "e11": 0.8224325180053711,
      "e12": 13.417490005493164,
      "e13": 0.4372553825378418,
      "e20": 0.5438002943992615,
      "e21": -0.7057990431785584,
      "e22": 0.4540143609046936,
      "e23": 0.17677846550941468,
      "e30": 0.0,
      "e31": 0.0,
      "e32": 0.0,
      "e33": 1.0
    }
  },
  "leapTracker": {
    "name": "Leap Provider",
    "serial": "",
    "localPose": {
      "position": {
        "x": 0.0,
        "y": 0.039777886122465137,
        "z": 0.0804821103811264
      },
      "rotation": {
        "x": 0.27482354640960696,
        "y": 0.0,
        "z": 0.0,
        "w": 0.9614946842193604
      }
    }
  }
}