{
  "leftEye": {
    "ellipseMinorAxis": 0.24494899809360505,
    "ellipseMajorAxis": 0.3099985122680664,
    "screenForward": {
      "x": 0.047331228852272037,
      "y": -0.49622705578804018,
      "z": 0.866901695728302
    },
    "screenPosition": {
      "x": -0.20323312282562257,
      "y": -0.05077042430639267,
      "z": 0.03894371539354324
    },
    "eyePosition": {
      "x": -0.15353822708129884,
      "y": -0.04970535263419151,
      "z": 0.031430795788764957
    },
    "eyeRotation": {
      "x": -0.14992572367191316,
      "y": 0.13903848826885224,
      "z": -0.03622285649180412,
      "w": -0.978201687335968
    },
    "cameraProjection": {
      "x": -0.699999988079071,
      "y": 0.699999988079071,
      "z": 0.30000001192092898,
      "w": -1.399999976158142
    },
    "sphereToWorldSpace": {
      "e00": 0.05101080238819122,
      "e01": 0.06071346998214722,
      "e02": 0.29330453276634219,
      "e03": -0.11479098349809647,
      "e10": 0.0,
      "e11": 0.23695310950279237,
      "e12": -0.07855913043022156,
      "e13": 0.02622470073401928,
      "e20": -0.23957861959934236,
      "e21": 0.012927045114338398,
      "e22": 0.062450066208839419,
      "e23": -0.05262647196650505,
      "e30": 0.0,
      "e31": 0.0,
      "e32": 0.0,
      "e33": 1.0
    },
    "worldToScreenSpace": {
      "e00": -0.6243067979812622,
      "e01": 13.123723983764649,
      "e02": 7.546292781829834,
      "e03": 0.24553652107715608,
      "e10": -16.801841735839845,
      "e11": -0.9982091784477234,
      "e12": 0.3459601402282715,
      "e13": -3.4788427352905275,
      "e20": 0.04733124375343323,
      "e21": -0.4962269961833954,
      "e22": 0.866901695728302,
      "e23": -0.04933474585413933,
      "e30": 0.0,
      "e31": 0.0,
      "e32": 0.0,
      "e33": 1.0
    }
  },
  "rightEye": {
    "ellipseMinorAxis": 0.24494899809360505,
    "ellipseMajorAxis": 0.3099985122680664,
    "screenForward": {
      "x": -0.47894972562789919,
      "y": -0.48946425318717959,
      "z": 0.7287193536758423
    },
    "screenPosition": {
      "x": -0.05350532382726669,
      "y": -0.04859365522861481,
      "z": 0.081997349858284
    },
    "eyePosition": {
      "x": -0.09218063205480576,
      "y": -0.047838110476732257,
      "z": 0.049534913152456287
    },
    "eyeRotation": {
      "x": -0.14992572367191316,
      "y": 0.13903848826885224,
      "z": -0.03622285649180412,
      "w": -0.978201687335968
    },
    "cameraProjection": {
      "x": -0.699999988079071,
      "y": 0.699999988079071,
      "z": 0.30000001192092898,
      "w": -1.399999976158142
    },
    "sphereToWorldSpace": {
      "e00": 0.05101081356406212,
      "e01": -0.060713451355695727,
      "e02": -0.29330453276634219,
      "e03": 0.11474951356649399,
      "e10": 0.0,
      "e11": 0.23695312440395356,
      "e12": -0.07855910062789917,
      "e13": 0.023245181888341905,
      "e20": 0.23957861959934236,
      "e21": 0.0129270413890481,
      "e22": 0.062450066208839419,
      "e23": -0.052328456193208697,
      "e30": 0.0,
      "e31": 0.0,
      "e32": 0.0,
      "e33": 1.0
    },
    "worldToScreenSpace": {
      "e00": -3.9651989936828615,
      "e01": 13.211993217468262,
      "e02": 6.268075466156006,
      "e03": -0.08410581946372986,
      "e10": -14.106486320495606,
      "e11": 0.12508398294448853,
      "e12": -9.18745231628418,
      "e13": 0.004652738571166992,
      "e20": -0.47894972562789919,
      "e21": -0.48946425318717959,
      "e22": 0.7287192940711975,
      "e23": -0.10916426032781601,
      "e30": 0.0,
      "e31": 0.0,
      "e32": 0.0,
      "e33": 1.0
    }
  },
  "leapTracker": {
    "name": "Leap Provider",
    "serial": "",
    "localPose": {
      "position": {
        "x": 0.0,
        "y": 0.039777886122465137,
        "z": 0.0804821103811264
      },
      "rotation": {
        "x": 0.27482354640960696,
        "y": 0.0,
        "z": 0.0,
        "w": 0.9614946842193604
      }
    }
  }
}