{
  "leftEye": {
    "ellipseMinorAxis": 0.24494899809360505,
    "ellipseMajorAxis": 0.3099985122680664,
    "screenForward": {
      "x": 0.8355892300605774,
      "y": -0.150689035654068,
      "z": -0.5282832384109497
    },
    "screenPosition": {
      "x": 0.36417248845100405,
      "y": 0.3059302568435669,
      "z": 0.16738685965538026
    },
    "eyePosition": {
      "x": 0.33548444509506228,
      "y": 0.27540576457977297,
      "z": 0.13959482312202454
    },
    "eyeRotation": {
      "x": 0.09224149584770203,
      "y": -0.28529489040374758,
      "z": 0.01326901838183403,
      "w": 0.9538984298706055
    },
    "cameraProjection": {
      "x": -0.699999988079071,
      "y": 0.699999988079071,
      "z": 0.30000001192092898,
      "w": -1.399999976158142
    },
    "sphereToWorldSpace": {
      "e00": 0.05101080238819122,
      "e01": 0.06071346998214722,
      "e02": 0.29330453276634219,
      "e03": -0.11479098349809647,
      "e10": 0.0,
      "e11": 0.23695310950279237,
      "e12": -0.07855913043022156,
      "e13": 0.02622470073401928,
      "e20": -0.23957861959934236,
      "e21": 0.012927045114338398,
      "e22": 0.062450066208839419,
      "e23": -0.05262647196650505,
      "e30": 0.0,
      "e31": 0.0,
      "e32": 0.0,
      "e33": 1.0
    },
    "worldToScreenSpace": {
      "e00": -2.867485523223877,
      "e01": 12.482051849365235,
      "e02": -8.095935821533204,
      "e03": -1.419224500656128,
      "e10": 8.682260513305664,
      "e11": 9.199701309204102,
      "e12": 11.108641624450684,
      "e13": -7.835748195648193,
      "e20": 0.8355896472930908,
      "e21": -0.15068912506103517,
      "e22": -0.5282834768295288,
      "e23": -0.16977068781852723,
      "e30": 0.0,
      "e31": 0.0,
      "e32": 0.0,
      "e33": 1.0
    }
  },
  "rightEye": {
    "ellipseMinorAxis": 0.24494899809360505,
    "ellipseMajorAxis": 0.3099985122680664,
    "screenForward": {
      "x": 0.9888983964920044,
      "y": 0.12286865711212158,
      "z": -0.08356502652168274
    },
    "screenPosition": {
      "x": 0.32045426964759829,
      "y": 0.23229056596755982,
      "z": 0.03722295165061951
    },
    "eyePosition": {
      "x": 0.31727033853530886,
      "y": 0.24609987437725068,
      "z": 0.08569285273551941
    },
    "eyeRotation": {
      "x": 0.09224149584770203,
      "y": -0.28529489040374758,
      "z": 0.01326901838183403,
      "w": 0.9538984298706055
    },
    "cameraProjection": {
      "x": -0.699999988079071,
      "y": 0.699999988079071,
      "z": 0.30000001192092898,
      "w": -1.399999976158142
    },
    "sphereToWorldSpace": {
      "e00": 0.05101081356406212,
      "e01": -0.060713451355695727,
      "e02": -0.29330453276634219,
      "e03": 0.11474951356649399,
      "e10": 0.0,
      "e11": 0.23695312440395356,
      "e12": -0.07855910062789917,
      "e13": 0.023245181888341905,
      "e20": 0.23957861959934236,
      "e21": 0.0129270413890481,
      "e22": 0.062450066208839419,
      "e23": -0.052328456193208697,
      "e30": 0.0,
      "e31": 0.0,
      "e32": 0.0,
      "e33": 1.0
    },
    "worldToScreenSpace": {
      "e00": -2.1788101196289064,
      "e01": 14.136247634887696,
      "e02": -4.998751163482666,
      "e03": -2.399439811706543,
      "e10": 0.630119800567627,
      "e11": 5.694815635681152,
      "e12": 15.830034255981446,
      "e13": -2.1140172481536867,
      "e20": 0.988898754119873,
      "e21": 0.12286867201328278,
      "e22": -0.08356505632400513,
      "e23": -0.3423275351524353,
      "e30": 0.0,
      "e31": 0.0,
      "e32": 0.0,
      "e33": 1.0
    }
  },
  "leapTracker": {
    "name": "Leap Provider",
    "serial": "",
    "localPose": {
      "position": {
        "x": 0.0,
        "y": 0.039777886122465137,
        "z": 0.0804821103811264
      },
      "rotation": {
        "x": 0.27482354640960696,
        "y": 0.0,
        "z": 0.0,
        "w": 0.9614946842193604
      }
    }
  }
}