{
  "leftEye": {
    "ellipseMinorAxis": 0.24494899809360505,
    "ellipseMajorAxis": 0.3099985122680664,
    "screenForward": {
      "x": -0.7083308696746826,
      "y": -0.4834488034248352,
      "z": -0.5143396854400635
    },
    "screenPosition": {
      "x": -0.20996087789535523,
      "y": -0.6413993835449219,
      "z": 0.1467539370059967
    },
    "eyePosition": {
      "x": -0.23966827988624574,
      "y": -0.6293807029724121,
      "z": 0.1854860633611679
    },
    "eyeRotation": {
      "x": 0.002075775293633342,
      "y": 0.27745309472084048,
      "z": -0.006092800758779049,
      "w": -0.9607176184654236
    },
    "cameraProjection": {
      "x": -0.699999988079071,
      "y": 0.699999988079071,
      "z": 0.30000001192092898,
      "w": -1.399999976158142
    },
    "sphereToWorldSpace": {
      "e00": 0.05101080238819122,
      "e01": 0.06071346998214722,
      "e02": 0.29330453276634219,
      "e03": -0.11479098349809647,
      "e10": 0.0,
      "e11": 0.23695310950279237,
      "e12": -0.07855913043022156,
      "e13": 0.02622470073401928,
      "e20": -0.23957861959934236,
      "e21": 0.012927045114338398,
      "e22": 0.062450066208839419,
      "e23": -0.05262647196650505,
      "e30": 0.0,
      "e31": 0.0,
      "e32": 0.0,
      "e33": 1.0
    },
    "worldToScreenSpace": {
      "e00": -2.8068246841430666,
      "e01": 12.582200050354004,
      "e02": -7.961069107055664,
      "e03": 8.649210929870606,
      "e10": 11.46699333190918,
      "e11": -4.661571025848389,
      "e12": -11.41035270690918,
      "e13": 1.092205286026001,
      "e20": -0.7083309888839722,
      "e21": -0.48344892263412478,
      "e22": -0.5143396854400635,
      "e23": -0.3833242654800415,
      "e30": 0.0,
      "e31": 0.0,
      "e32": 0.0,
      "e33": 1.0
    }
  },
  "rightEye": {
    "ellipseMinorAxis": 0.24494899809360505,
    "ellipseMajorAxis": 0.3099985122680664,
    "screenForward": {
      "x": -0.24025504291057588,
      "y": -0.5906922817230225,
      "z": -0.7702987194061279
    },
    "screenPosition": {
      "x": -0.3451012969017029,
      "y": -0.6069298982620239,
      "z": 0.2162211835384369
    },
    "eyePosition": {
      "x": -0.2952202558517456,
      "y": -0.6143089532852173,
      "z": 0.21346504986286164
    },
    "eyeRotation": {
      "x": 0.002075775293633342,
      "y": 0.27745309472084048,
      "z": -0.006092800758779049,
      "w": -0.9607176184654236
    },
    "cameraProjection": {
      "x": -0.699999988079071,
      "y": 0.699999988079071,
      "z": 0.30000001192092898,
      "w": -1.399999976158142
    },
    "sphereToWorldSpace": {
      "e00": 0.05101081356406212,
      "e01": -0.060713451355695727,
      "e02": -0.29330453276634219,
      "e03": 0.11474951356649399,
      "e10": 0.0,
      "e11": 0.23695312440395356,
      "e12": -0.07855910062789917,
      "e13": 0.023245181888341905,
      "e20": 0.23957861959934236,
      "e21": 0.0129270413890481,
      "e22": 0.062450066208839419,
      "e23": -0.052328456193208697,
      "e30": 0.0,
      "e31": 0.0,
      "e32": 0.0,
      "e33": 1.0
    },
    "worldToScreenSpace": {
      "e00": 0.4490532875061035,
      "e01": 11.950128555297852,
      "e02": -9.303838729858399,
      "e03": 9.419546127319336,
      "e10": 16.33431053161621,
      "e11": -2.8679986000061037,
      "e12": -2.8953614234924318,
      "e13": 4.522355556488037,
      "e20": -0.24025511741638184,
      "e21": -0.5906924605369568,
      "e22": -0.770298957824707,
      "e23": -0.2748662531375885,
      "e30": 0.0,
      "e31": 0.0,
      "e32": 0.0,
      "e33": 1.0
    }
  },
  "leapTracker": {
    "name": "Leap Provider",
    "serial": "",
    "localPose": {
      "position": {
        "x": 0.0,
        "y": 0.039777886122465137,
        "z": 0.0804821103811264
      },
      "rotation": {
        "x": 0.27482354640960696,
        "y": 0.0,
        "z": 0.0,
        "w": 0.9614946842193604
      }
    }
  }
}