{
  "leftEye": {
    "ellipseMinorAxis": 0.24494899809360505,
    "ellipseMajorAxis": 0.3099985122680664,
    "screenForward": {
      "x": -0.13588707149028779,
      "y": -0.6065618991851807,
      "z": 0.7833372950553894
    },
    "screenPosition": {
      "x": 0.03567592799663544,
      "y": -0.3529603183269501,
      "z": 0.20975229144096375
    },
    "eyePosition": {
      "x": 0.08556018769741059,
      "y": -0.3496224284172058,
      "z": 0.2150040566921234
    },
    "eyeRotation": {
      "x": -0.10050144046545029,
      "y": 0.1392483413219452,
      "z": -0.02645668014883995,
      "w": -0.9847890734672546
    },
    "cameraProjection": {
      "x": -0.699999988079071,
      "y": 0.699999988079071,
      "z": 0.30000001192092898,
      "w": -1.399999976158142
    },
    "sphereToWorldSpace": {
      "e00": 0.05101080238819122,
      "e01": 0.06071346998214722,
      "e02": 0.29330453276634219,
      "e03": -0.11479098349809647,
      "e10": 0.0,
      "e11": 0.23695310950279237,
      "e12": -0.07855913043022156,
      "e13": 0.02622470073401928,
      "e20": -0.23957861959934236,
      "e21": 0.012927045114338398,
      "e22": 0.062450066208839419,
      "e23": -0.05262647196650505,
      "e30": 0.0,
      "e31": 0.0,
      "e32": 0.0,
      "e33": 1.0
    },
    "worldToScreenSpace": {
      "e00": -3.1971371173858644,
      "e01": 11.973470687866211,
      "e02": 8.71680736541748,
      "e03": 2.511850595474243,
      "e10": -16.296173095703126,
      "e11": -1.4665961265563965,
      "e12": -3.962556838989258,
      "e13": 0.8948862552642822,
      "e20": -0.1358869969844818,
      "e21": -0.6065619587898254,
      "e22": 0.7833372354507446,
      "e23": -0.3735511898994446,
      "e30": 0.0,
      "e31": 0.0,
      "e32": 0.0,
      "e33": 1.0
    }
  },
  "rightEye": {
    "ellipseMinorAxis": 0.24494899809360505,
    "ellipseMajorAxis": 0.3099985122680664,
    "screenForward": {
      "x": -0.6123526096343994,
      "y": -0.5948531031608582,
      "z": 0.5207440257072449
    },
    "screenPosition": {
      "x": 0.1700853854417801,
      "y": -0.35273051261901858,
      "z": 0.28856098651885989
    },
    "eyePosition": {
      "x": 0.14047199487686158,
      "y": -0.34862393140792849,
      "z": 0.2478627860546112
    },
    "eyeRotation": {
      "x": -0.10050144046545029,
      "y": 0.1392483413219452,
      "z": -0.02645668014883995,
      "w": -0.9847890734672546
    },
    "cameraProjection": {
      "x": -0.699999988079071,
      "y": 0.699999988079071,
      "z": 0.30000001192092898,
      "w": -1.399999976158142
    },
    "sphereToWorldSpace": {
      "e00": 0.05101081356406212,
      "e01": -0.060713451355695727,
      "e02": -0.29330453276634219,
      "e03": 0.11474951356649399,
      "e10": 0.0,
      "e11": 0.23695312440395356,
      "e12": -0.07855910062789917,
      "e13": 0.023245181888341905,
      "e20": 0.23957861959934236,
      "e21": 0.0129270413890481,
      "e22": 0.062450066208839419,
      "e23": -0.052328456193208697,
      "e30": 0.0,
      "e31": 0.0,
      "e32": 0.0,
      "e33": 1.0
    },
    "worldToScreenSpace": {
      "e00": -6.127065658569336,
      "e01": 12.146468162536621,
      "e02": 6.670145511627197,
      "e03": 3.4018101692199709,
      "e10": -11.436624526977539,
      "e11": 0.9931632280349731,
      "e12": -12.314026832580567,
      "e13": 5.848869323730469,
      "e20": -0.6123525500297546,
      "e21": -0.5948529839515686,
      "e22": 0.5207440257072449,
      "e23": -0.25593698024749758,
      "e30": 0.0,
      "e31": 0.0,
      "e32": 0.0,
      "e33": 1.0
    }
  },
  "leapTracker": {
    "name": "Leap Provider",
    "serial": "",
    "localPose": {
      "position": {
        "x": 0.0,
        "y": 0.039777886122465137,
        "z": 0.0804821103811264
      },
      "rotation": {
        "x": 0.27482354640960696,
        "y": 0.0,
        "z": 0.0,
        "w": 0.9614946842193604
      }
    }
  }
}