{
  "leftEye": {
    "ellipseMinorAxis": 0.24494899809360505,
    "ellipseMajorAxis": 0.3099985122680664,
    "screenForward": {
      "x": 0.2761256992816925,
      "y": -0.23240084946155549,
      "z": 0.9326009154319763
    },
    "screenPosition": {
      "x": -0.07754895091056824,
      "y": -0.00429289136081934,
      "z": 0.01518583670258522
    },
    "eyePosition": {
      "x": -0.03200000151991844,
      "y": -0.010999999940395356,
      "z": -0.004999999888241291
    },
    "eyeRotation": {
      "x": 7.395533370627759e-32,
      "y": 1.7763568394002506e-15,
      "z": 1.1241009818395605e-14,
      "w": 1.0
    },
    "cameraProjection": {
      "x": -0.699999988079071,
      "y": 0.699999988079071,
      "z": 0.30000001192092898,
      "w": -1.399999976158142
    },
    "sphereToWorldSpace": {
      "e00": 0.05101080238819122,
      "e01": 0.06071346998214722,
      "e02": 0.29330453276634219,
      "e03": -0.11479098349809647,
      "e10": 0.0,
      "e11": 0.23695310950279237,
      "e12": -0.07855913043022156,
      "e13": 0.02622470073401928,
      "e20": -0.23957861959934236,
      "e21": 0.012927045114338398,
      "e22": 0.062450066208839419,
      "e23": -0.05262647196650505,
      "e30": 0.0,
      "e31": 0.0,
      "e32": 0.0,
      "e33": 1.0
    },
    "worldToScreenSpace": {
      "e00": 1.9190359115600587,
      "e01": 14.707002639770508,
      "e02": 3.0967414379119875,
      "e03": 0.1649281531572342,
      "e10": -16.03938865661621,
      "e11": 1.0384503602981568,
      "e12": 5.0077409744262699,
      "e13": -1.3154265880584717,
      "e20": 0.2761256992816925,
      "e21": -0.23240084946155549,
      "e22": 0.9326009154319763,
      "e23": 0.006253257393836975,
      "e30": 0.0,
      "e31": 0.0,
      "e32": 0.0,
      "e33": 1.0
    }
  },
  "rightEye": {
    "ellipseMinorAxis": 0.24494899809360505,
    "ellipseMajorAxis": 0.3099985122680664,
    "screenForward": {
      "x": -0.26731765270233157,
      "y": -0.2058621346950531,
      "z": 0.9413617849349976
    },
    "screenPosition": {
      "x": 0.0782393291592598,
      "y": -0.006878044456243515,
      "z": 0.01487698219716549
    },
    "eyePosition": {
      "x": 0.03200000151991844,
      "y": -0.010999999940395356,
      "z": -0.004999999888241291
    },
    "eyeRotation": {
      "x": 7.395533370627759e-32,
      "y": 1.7763568394002506e-15,
      "z": 1.1241009818395605e-14,
      "w": 1.0
    },
    "cameraProjection": {
      "x": -0.699999988079071,
      "y": 0.699999988079071,
      "z": 0.30000001192092898,
      "w": -1.399999976158142
    },
    "sphereToWorldSpace": {
      "e00": 0.05101081356406212,
      "e01": -0.060713451355695727,
      "e02": -0.29330453276634219,
      "e03": 0.11474951356649399,
      "e10": 0.0,
      "e11": 0.23695312440395356,
      "e12": -0.07855910062789917,
      "e13": 0.023245181888341905,
      "e20": 0.23957861959934236,
      "e21": 0.0129270413890481,
      "e22": 0.062450066208839419,
      "e23": -0.052328456193208697,
      "e30": 0.0,
      "e31": 0.0,
      "e32": 0.0,
      "e33": 1.0
    },
    "worldToScreenSpace": {
      "e00": -1.6429259777069092,
      "e01": 14.805068969726563,
      "e02": 2.771113157272339,
      "e03": 0.18914556503295899,
      "e10": -16.11933135986328,
      "e11": -0.8953566551208496,
      "e12": -4.773193836212158,
      "e13": 1.32601797580719,
      "e20": -0.26731768250465395,
      "e21": -0.2058621197938919,
      "e22": 0.9413617849349976,
      "e23": 0.005494203418493271,
      "e30": 0.0,
      "e31": 0.0,
      "e32": 0.0,
      "e33": 1.0
    }
  },
  "leapTracker": {
    "name": "Leap Odometry Origin",
    "serial": "",
    "localPose": {
      "position": {
        "x": 0.0,
        "y": 0.039777886122465137,
        "z": 0.0804821103811264
      },
      "rotation": {
        "x": 0.27482354640960696,
        "y": 0.0,
        "z": 0.0,
        "w": 0.9614946842193604
      }
    }
  }
}