{
  "leftEye": {
    "ellipseMinorAxis": 0.24494899809360505,
    "ellipseMajorAxis": 0.3099985122680664,
    "screenForward": {
      "x": 0.32500022649765017,
      "y": -0.2287415862083435,
      "z": 0.9176340103149414
    },
    "screenPosition": {
      "x": -0.0777658224105835,
      "y": -0.0054581016302108768,
      "z": 0.012738429941236973
    },
    "eyePosition": {
      "x": -0.03200000151991844,
      "y": -0.010999999940395356,
      "z": -0.004999999888241291
    },
    "eyeRotation": {
      "x": 0.0,
      "y": 8.881784197001253e-16,
      "z": 5.662137425588298e-15,
      "w": 1.0
    },
    "cameraProjection": {
      "x": -0.699999988079071,
      "y": 0.699999988079071,
      "z": 0.30000001192092898,
      "w": -1.399999976158142
    },
    "sphereToWorldSpace": {
      "e00": 0.05101080238819122,
      "e01": 0.06071346998214722,
      "e02": 0.29330453276634219,
      "e03": -0.11573757976293564,
      "e10": 0.0,
      "e11": 0.23695310950279237,
      "e12": -0.07855913043022156,
      "e13": 0.02630954422056675,
      "e20": -0.23957861959934236,
      "e21": 0.012927045114338398,
      "e22": 0.062450066208839419,
      "e23": -0.054712604731321338,
      "e30": 0.0,
      "e31": 0.0,
      "e32": 0.0,
      "e33": 1.0
    },
    "worldToScreenSpace": {
      "e00": 1.5402679443359376,
      "e01": 14.744483947753907,
      "e02": 3.129884958267212,
      "e03": 0.16038727760314942,
      "e10": -15.828861236572266,
      "e11": 0.44021040201187136,
      "e12": 5.715870380401611,
      "e13": -1.301352858543396,
      "e20": 0.32500022649765017,
      "e21": -0.2287415862083435,
      "e22": 0.9176340103149414,
      "e23": 0.01233619824051857,
      "e30": 0.0,
      "e31": 0.0,
      "e32": 0.0,
      "e33": 1.0
    }
  },
  "rightEye": {
    "ellipseMinorAxis": 0.24494899809360505,
    "ellipseMajorAxis": 0.3099985122680664,
    "screenForward": {
      "x": -0.269536554813385,
      "y": -0.24748623371124268,
      "z": 0.9306452870368958
    },
    "screenPosition": {
      "x": 0.07682935148477555,
      "y": -0.004238262306898832,
      "z": 0.011687678284943104
    },
    "eyePosition": {
      "x": 0.03200000151991844,
      "y": -0.010999999940395356,
      "z": -0.004999999888241291
    },
    "eyeRotation": {
      "x": 0.0,
      "y": 8.881784197001253e-16,
      "z": 5.662137425588298e-15,
      "w": 1.0
    },
    "cameraProjection": {
      "x": -0.699999988079071,
      "y": 0.699999988079071,
      "z": 0.30000001192092898,
      "w": -1.399999976158142
    },
    "sphereToWorldSpace": {
      "e00": 0.05101081356406212,
      "e01": -0.060713451355695727,
      "e02": -0.29330453276634219,
      "e03": 0.11495143920183182,
      "e10": 0.0,
      "e11": 0.23695312440395356,
      "e12": -0.07855910062789917,
      "e13": 0.028207147493958474,
      "e20": 0.23957861959934236,
      "e21": 0.0129270413890481,
      "e22": 0.062450066208839419,
      "e23": -0.05570115149021149,
      "e30": 0.0,
      "e31": 0.0,
      "e32": 0.0,
      "e33": 1.0
    },
    "worldToScreenSpace": {
      "e00": -1.5426921844482422,
      "e01": 14.67149543762207,
      "e02": 3.454786777496338,
      "e03": 0.14032724499702454,
      "e10": -16.121078491210939,
      "e11": -0.5605644583702087,
      "e12": -4.818110942840576,
      "e13": 1.2925087213516236,
      "e20": -0.2695365250110626,
      "e21": -0.2474862039089203,
      "e22": 0.9306451082229614,
      "e23": 0.008782325312495232,
      "e30": 0.0,
      "e31": 0.0,
      "e32": 0.0,
      "e33": 1.0
    }
  },
  "leapTracker": {
    "name": "Leap Provider",
    "serial": "",
    "localPose": {
      "position": {
        "x": 0.0,
        "y": 0.039777886122465137,
        "z": 0.0804821103811264
      },
      "rotation": {
        "x": 0.3090784549713135,
        "y": -0.006427922751754522,
        "z": 0.0020890706218779089,
        "w": 0.9510125517845154
      }
    }
  }
}